0,0,0,0
0.0010001,0,0,0
0.0020002,0,0,0
0.0030003,0,0,0
0.0040004,0,0,0
0.0050005,0,0,0
0.0060006,0,0,0
0.0070007,0,0,0
0.0080008,0,0,0
0.0090009,0,0,0
0.010001,0,0,0
0.0110011,0,0,0
0.0120012,0,0,0
0.0130013,0,0,0
0.0140014,0,0,0
0.0150015,0,0,0
0.0160016,0,0,0
0.0170017,0,0,0
0.0180018,0,0,0
0.0190019,0,0,0
0.020002,0,0,0
0.0210021,0,0,0
0.0220022,0,0,0
0.0230023,0,0,0
0.0240024,0,0,0
0.0250025,0,0,0
0.0260026,0,0,0
0.0270027,0,0,0
0.0280028,0,0,0
0.0290029,0,0,0
0.030003,0,0,0
0.0310031,0,0,0
0.0320032,0,0,0
0.0330033,0,0,0
0.0340034,0,0,0
0.0350035,0,0,0
0.0360036,0,0,0
0.0370037,0,0,0
0.0380038,0,0,0
0.0390039,0,0,0
0.040004,0,0,0
0.0410041,0,0,0
0.0420042,0,0,0
0.0430043,0,0,0
0.0440044,0,0,0
0.0450045,0,0,0
0.0460046,0,0,0
0.0470047,0,0,0
0.0480048,0,0,0
0.0490049,0,0,0
0.050005,0,0,0
0.0510051,0,0,0
0.0520052,0,0,0
0.0530053,0,0,0
0.0540054,0,0,0
0.0550055,0,0,0
0.0560056,0,0,0
0.0570057,0,0,0
0.0580058,0,0,0
0.0590059,0,0,0
0.060006,0,0,0
0.0610061,0,0,0
0.0620062,0,0,0
0.0630063,0,0,0
0.0640064,0,0,0
0.0650065,0,0,0
0.0660066,0,0,0
0.0670067,0,0,0
0.0680068,0,0,0
0.0690069,0,0,0
0.070007,0,0,0
0.0710071,0,0,0
0.0720072,0,0,0
0.0730073,0,0,0
0.0740074,0,0,0
0.0750075,0,0,0
0.0760076,0,0,0
0.0770077,0,0,0
0.0780078,0,0,0
0.0790079,0,0,0
0.080008,0,0,0
0.0810081,0,0,0
0.0820082,0,0,0
0.0830083,0,0,0
0.0840084,0,0,0
0.0850085,0,0,0
0.0860086,0,0,0
0.0870087,0,0,0
0.0880088,0,0,0
0.0890089,0,0,0
0.090009,0,0,0
0.0910091,0,0,0
0.0920092,0,0,0
0.0930093,0,0,0
0.0940094,0,0,0
0.0950095,0,0,0
0.0960096,0,0,0
0.0970097,0,0,0
0.0980098,0,0,0
0.0990099,0,0,0
0.10001,0,0,0
0.10101,0,0,0
0.10201,0,0,0
0.10301,0,0,0
0.10401,0,0,0
0.105011,0,0,0
0.106011,0,0,0
0.107011,0,0,0
0.108011,0,0,0
0.109011,0,0,0
0.110011,0,0,0
0.111011,0,0,0
0.112011,0,0,0
0.113011,0,0,0
0.114011,0,0,0
0.115012,0,0,0
0.116012,0,0,0
0.117012,0,0,0
0.118012,0,0,0
0.119012,0,0,0
0.120012,0,0,0
0.121012,0,0,0
0.122012,0,0,0
0.123012,0,0,0
0.124012,0,0,0
0.125013,0,0,0
0.126013,0,0,0
0.127013,0,0,0
0.128013,0,0,0
0.129013,0,0,0
0.130013,0,0,0
0.131013,0,0,0
0.132013,0,0,0
0.133013,0,0,0
0.134013,0,0,0
0.135014,0,0,0
0.136014,0,0,0
0.137014,0,0,0
0.138014,0,0,0
0.139014,0,0,0
0.140014,0,0,0
0.141014,0,0,0
0.142014,0,0,0
0.143014,0,0,0
0.144014,0,0,0
0.145015,0,0,0
0.146015,0,0,0
0.147015,0,0,0
0.148015,0,0,0
0.149015,0,0,0
0.150015,0,0,0
0.151015,0,0,0
0.152015,0,0,0
0.153015,0,0,0
0.154015,0,0,0
0.155016,0,0,0
0.156016,0,0,0
0.157016,0,0,0
0.158016,0,0,0
0.159016,0,0,0
0.160016,0,0,0
0.161016,0,0,0
0.162016,0,0,0
0.163016,0,0,0
0.164016,0,0,0
0.165017,0,0,0
0.166017,0,0,0
0.167017,0,0,0
0.168017,0,0,0
0.169017,0,0,0
0.170017,0,0,0
0.171017,0,0,0
0.172017,0,0,0
0.173017,0,0,0
0.174017,0,0,0
0.175018,0,0,0
0.176018,0,0,0
0.177018,0,0,0
0.178018,0,0,0
0.179018,0,0,0
0.180018,0,0,0
0.181018,0,0,0
0.182018,0,0,0
0.183018,0,0,0
0.184018,0,0,0
0.185019,0,0,0
0.186019,0,0,0
0.187019,0,0,0
0.188019,0,0,0
0.189019,0,0,0
0.190019,0,0,0
0.191019,0,0,0
0.192019,0,0,0
0.193019,0,0,0
0.194019,0,0,0
0.19502,0,0,0
0.19602,0,0,0
0.19702,0,0,0
0.19802,0,0,0
0.19902,0,0,0
0.20002,0,0,0
0.20102,0,0,0
0.20202,0,0,0
0.20302,0,0,0
0.20402,0,0,0
0.205021,0,0,0
0.206021,0,0,0
0.207021,0,0,0
0.208021,0,0,0
0.209021,0,0,0
0.210021,0,0,0
0.211021,0,0,0
0.212021,0,0,0
0.213021,0,0,0
0.214021,0,0,0
0.215022,0,0,0
0.216022,0,0,0
0.217022,0,0,0
0.218022,0,0,0
0.219022,0,0,0
0.220022,0,0,0
0.221022,0,0,0
0.222022,0,0,0
0.223022,0,0,0
0.224022,0,0,0
0.225023,0,0,0
0.226023,0,0,0
0.227023,0,0,0
0.228023,0,0,0
0.229023,0,0,0
0.230023,0,0,0
0.231023,0,0,0
0.232023,0,0,0
0.233023,0,0,0
0.234023,0,0,0
0.235024,0,0,0
0.236024,0,0,0
0.237024,0,0,0
0.238024,0,0,0
0.239024,0,0,0
0.240024,0,0,0
0.241024,0,0,0
0.242024,0,0,0
0.243024,0,0,0
0.244024,0,0,0
0.245025,0,0,0
0.246025,0,0,0
0.247025,0,0,0
0.248025,0,0,0
0.249025,0,0,0
0.250025,0,0,0
0.251025,0,0,0
0.252025,0,0,0
0.253025,0,0,0
0.254025,0,0,0
0.255026,0,0,0
0.256026,0,0,0
0.257026,0,0,0
0.258026,0,0,0
0.259026,0,0,0
0.260026,0,0,0
0.261026,0,0,0
0.262026,0,0,0
0.263026,0,0,0
0.264026,0,0,0
0.265027,0,0,0
0.266027,0,0,0
0.267027,0,0,0
0.268027,0,0,0
0.269027,0,0,0
0.270027,0,0,0
0.271027,0,0,0
0.272027,0,0,0
0.273027,0,0,0
0.274027,0,0,0
0.275028,0,0,0
0.276028,0,0,0
0.277028,0,0,0
0.278028,0,0,0
0.279028,0,0,0
0.280028,0,0,0
0.281028,0,0,0
0.282028,0,0,0
0.283028,0,0,0
0.284028,0,0,0
0.285029,0,0,0
0.286029,0,0,0
0.287029,0,0,0
0.288029,0,0,0
0.289029,0,0,0
0.290029,0,0,0
0.291029,0,0,0
0.292029,0,0,0
0.293029,0,0,0
0.294029,0,0,0
0.29503,0,0,0
0.29603,0,0,0
0.29703,0,0,0
0.29803,0,0,0
0.29903,0,0,0
0.30003,0,0,0
0.30103,0,0,0
0.30203,0,0,0
0.30303,0,0,0
0.30403,0,0,0
0.305031,0,0,0
0.306031,0,0,0
0.307031,0,0,0
0.308031,0,0,0
0.309031,0,0,0
0.310031,0,0,0
0.311031,0,0,0
0.312031,0,0,0
0.313031,0,0,0
0.314031,0,0,0
0.315032,0,0,0
0.316032,0,0,0
0.317032,0,0,0
0.318032,0,0,0
0.319032,0,0,0
0.320032,0,0,0
0.321032,0,0,0
0.322032,0,0,0
0.323032,0,0,0
0.324032,0,0,0
0.325033,0,0,0
0.326033,0,0,0
0.327033,0,0,0
0.328033,0,0,0
0.329033,0,0,0
0.330033,0,0,0
0.331033,0,0,0
0.332033,0,0,0
0.333033,0,0,0
0.334033,0,0,0
0.335034,0,0,0
0.336034,0,0,0
0.337034,0,0,0
0.338034,0,0,0
0.339034,0,0,0
0.340034,0,0,0
0.341034,0,0,0
0.342034,0,0,0
0.343034,0,0,0
0.344034,0,0,0
0.345035,0,0,0
0.346035,0,0,0
0.347035,0,0,0
0.348035,0,0,0
0.349035,0,0,0
0.350035,0,0,0
0.351035,0,0,0
0.352035,0,0,0
0.353035,0,0,0
0.354035,0,0,0
0.355036,0,0,0
0.356036,0,0,0
0.357036,0,0,0
0.358036,0,0,0
0.359036,0,0,0
0.360036,0,0,0
0.361036,0,0,0
0.362036,0,0,0
0.363036,0,0,0
0.364036,0,0,0
0.365037,0,0,0
0.366037,0,0,0
0.367037,0,0,0
0.368037,0,0,0
0.369037,0,0,0
0.370037,0,0,0
0.371037,0,0,0
0.372037,0,0,0
0.373037,0,0,0
0.374037,0,0,0
0.375038,0,0,0
0.376038,0,0,0
0.377038,0,0,0
0.378038,0,0,0
0.379038,0,0,0
0.380038,0,0,0
0.381038,0,0,0
0.382038,0,0,0
0.383038,0,0,0
0.384038,0,0,0
0.385039,0,0,0
0.386039,0,0,0
0.387039,0,0,0
0.388039,0,0,0
0.389039,0,0,0
0.390039,0,0,0
0.391039,0,0,0
0.392039,0,0,0
0.393039,0,0,0
0.394039,0,0,0
0.39504,0,0,0
0.39604,0,0,0
0.39704,0,0,0
0.39804,0,0,0
0.39904,0,0,0
0.40004,0,0,0
0.40104,0,0,0
0.40204,0,0,0
0.40304,0,0,0
0.40404,0,0,0
0.405041,0,0,0
0.406041,0,0,0
0.407041,0,0,0
0.408041,0,0,0
0.409041,0,0,0
0.410041,0,0,0
0.411041,0,0,0
0.412041,0,0,0
0.413041,0,0,0
0.414041,0,0,0
0.415042,0,0,0
0.416042,0,0,0
0.417042,0,0,0
0.418042,0,0,0
0.419042,0,0,0
0.420042,0,0,0
0.421042,0,0,0
0.422042,0,0,0
0.423042,0,0,0
0.424042,0,0,0
0.425043,0,0,0
0.426043,0,0,0
0.427043,0,0,0
0.428043,0,0,0
0.429043,0,0,0
0.430043,0,0,0
0.431043,0,0,0
0.432043,0,0,0
0.433043,0,0,0
0.434043,0,0,0
0.435044,0,0,0
0.436044,0,0,0
0.437044,0,0,0
0.438044,0,0,0
0.439044,0,0,0
0.440044,0,0,0
0.441044,0,0,0
0.442044,0,0,0
0.443044,0,0,0
0.444044,0,0,0
0.445045,0,0,0
0.446045,0,0,0
0.447045,0,0,0
0.448045,0,0,0
0.449045,0,0,0
0.450045,0,0,0
0.451045,0,0,0
0.452045,0,0,0
0.453045,0,0,0
0.454045,0,0,0
0.455046,0,0,0
0.456046,0,0,0
0.457046,0,0,0
0.458046,0,0,0
0.459046,0,0,0
0.460046,0,0,0
0.461046,0,0,0
0.462046,0,0,0
0.463046,0,0,0
0.464046,0,0,0
0.465047,0,0,0
0.466047,0,0,0
0.467047,0,0,0
0.468047,0,0,0
0.469047,0,0,0
0.470047,0,0,0
0.471047,0,0,0
0.472047,0,0,0
0.473047,0,0,0
0.474047,0,0,0
0.475048,0,0,0
0.476048,0,0,0
0.477048,0,0,0
0.478048,0,0,0
0.479048,0,0,0
0.480048,0,0,0
0.481048,0,0,0
0.482048,0,0,0
0.483048,0,0,0
0.484048,0,0,0
0.485049,0,0,0
0.486049,0,0,0
0.487049,0,0,0
0.488049,0,0,0
0.489049,0,0,0
0.490049,0,0,0
0.491049,0,0,0
0.492049,0,0,0
0.493049,0,0,0
0.494049,0,0,0
0.49505,0,0,0
0.49605,0,0,0
0.49705,0,0,0
0.49805,0,0,0
0.49905,0,0,0
0.50005,0,0,0
0.50105,0,0,0
0.50205,0,0,0
0.50305,0,0,0
0.50405,0,0,0
0.505051,0,0,0
0.506051,0,0,0
0.507051,0,0,0
0.508051,0,0,0
0.509051,0,0,0
0.510051,0,0,0
0.511051,0,0,0
0.512051,0,0,0
0.513051,0,0,0
0.514051,0,0,0
0.515052,0,0,0
0.516052,0,0,0
0.517052,0,0,0
0.518052,0,0,0
0.519052,0,0,0
0.520052,0,0,0
0.521052,0,0,0
0.522052,0,0,0
0.523052,0,0,0
0.524052,0,0,0
0.525053,0,0,0
0.526053,0,0,0
0.527053,0,0,0
0.528053,0,0,0
0.529053,0,0,0
0.530053,0,0,0
0.531053,0,0,0
0.532053,0,0,0
0.533053,0,0,0
0.534053,0,0,0
0.535054,0,0,0
0.536054,0,0,0
0.537054,0,0,0
0.538054,0,0,0
0.539054,0,0,0
0.540054,0,0,0
0.541054,0,0,0
0.542054,0,0,0
0.543054,0,0,0
0.544054,0,0,0
0.545055,0,0,0
0.546055,0,0,0
0.547055,0,0,0
0.548055,0,0,0
0.549055,0,0,0
0.550055,0,0,0
0.551055,0,0,0
0.552055,0,0,0
0.553055,0,0,0
0.554055,0,0,0
0.555056,0,0,0
0.556056,0,0,0
0.557056,0,0,0
0.558056,0,0,0
0.559056,0,0,0
0.560056,0,0,0
0.561056,0,0,0
0.562056,0,0,0
0.563056,0,0,0
0.564056,0,0,0
0.565057,0,0,0
0.566057,0,0,0
0.567057,0,0,0
0.568057,0,0,0
0.569057,0,0,0
0.570057,0,0,0
0.571057,0,0,0
0.572057,0,0,0
0.573057,0,0,0
0.574057,0,0,0
0.575058,0,0,0
0.576058,0,0,0
0.577058,0,0,0
0.578058,0,0,0
0.579058,0,0,0
0.580058,0,0,0
0.581058,0,0,0
0.582058,0,0,0
0.583058,0,0,0
0.584058,0,0,0
0.585059,0,0,0
0.586059,0,0,0
0.587059,0,0,0
0.588059,0,0,0
0.589059,0,0,0
0.590059,0,0,0
0.591059,0,0,0
0.592059,0,0,0
0.593059,0,0,0
0.594059,0,0,0
0.59506,0,0,0
0.59606,0,0,0
0.59706,0,0,0
0.59806,0,0,0
0.59906,0,0,0
0.60006,0,0,0
0.60106,0,0,0
0.60206,0,0,0
0.60306,0,0,0
0.60406,0,0,0
0.605061,0,0,0
0.606061,0,0,0
0.607061,0,0,0
0.608061,0,0,0
0.609061,0,0,0
0.610061,0,0,0
0.611061,0,0,0
0.612061,0,0,0
0.613061,0,0,0
0.614061,0,0,0
0.615062,0,0,0
0.616062,0,0,0
0.617062,0,0,0
0.618062,0,0,0
0.619062,0,0,0
0.620062,0,0,0
0.621062,0,0,0
0.622062,0,0,0
0.623062,0,0,0
0.624062,0,0,0
0.625063,0,0,0
0.626063,0,0,0
0.627063,0,0,0
0.628063,0,0,0
0.629063,0,0,0
0.630063,0,0,0
0.631063,0,0,0
0.632063,0,0,0
0.633063,0,0,0
0.634063,0,0,0
0.635064,0,0,0
0.636064,0,0,0
0.637064,0,0,0
0.638064,0,0,0
0.639064,0,0,0
0.640064,0,0,0
0.641064,0,0,0
0.642064,0,0,0
0.643064,0,0,0
0.644064,0,0,0
0.645065,0,0,0
0.646065,0,0,0
0.647065,0,0,0
0.648065,0,0,0
0.649065,0,0,0
0.650065,0,0,0
0.651065,0,0,0
0.652065,0,0,0
0.653065,0,0,0
0.654065,0,0,0
0.655066,0,0,0
0.656066,0,0,0
0.657066,0,0,0
0.658066,0,0,0
0.659066,0,0,0
0.660066,0,0,0
0.661066,0,0,0
0.662066,0,0,0
0.663066,0,0,0
0.664066,0,0,0
0.665067,0,0,0
0.666067,0,0,0
0.667067,0,0,0
0.668067,0,0,0
0.669067,0,0,0
0.670067,0,0,0
0.671067,0,0,0
0.672067,0,0,0
0.673067,0,0,0
0.674067,0,0,0
0.675068,0,0,0
0.676068,0,0,0
0.677068,0,0,0
0.678068,0,0,0
0.679068,0,0,0
0.680068,0,0,0
0.681068,0,0,0
0.682068,0,0,0
0.683068,0,0,0
0.684068,0,0,0
0.685069,0,0,0
0.686069,0,0,0
0.687069,0,0,0
0.688069,0,0,0
0.689069,0,0,0
0.690069,0,0,0
0.691069,0,0,0
0.692069,0,0,0
0.693069,0,0,0
0.694069,0,0,0
0.69507,0,0,0
0.69607,0,0,0
0.69707,0,0,0
0.69807,0,0,0
0.69907,0,0,0
0.70007,0,0,0
0.70107,0,0,0
0.70207,0,0,0
0.70307,0,0,0
0.70407,0,0,0
0.705071,0,0,0
0.706071,0,0,0
0.707071,0,0,0
0.708071,0,0,0
0.709071,0,0,0
0.710071,0,0,0
0.711071,0,0,0
0.712071,0,0,0
0.713071,0,0,0
0.714071,0,0,0
0.715072,0,0,0
0.716072,0,0,0
0.717072,0,0,0
0.718072,0,0,0
0.719072,0,0,0
0.720072,0,0,0
0.721072,0,0,0
0.722072,0,0,0
0.723072,0,0,0
0.724072,0,0,0
0.725073,0,0,0
0.726073,0,0,0
0.727073,0,0,0
0.728073,0,0,0
0.729073,0,0,0
0.730073,0,0,0
0.731073,0,0,0
0.732073,0,0,0
0.733073,0,0,0
0.734073,0,0,0
0.735074,0,0,0
0.736074,0,0,0
0.737074,0,0,0
0.738074,0,0,0
0.739074,0,0,0
0.740074,0,0,0
0.741074,0,0,0
0.742074,0,0,0
0.743074,0,0,0
0.744074,0,0,0
0.745075,0,0,0
0.746075,0,0,0
0.747075,0,0,0
0.748075,0,0,0
0.749075,0,0,0
0.750075,0,0,0
0.751075,0,0,0
0.752075,0,0,0
0.753075,0,0,0
0.754075,0,0,0
0.755076,0,0,0
0.756076,0,0,0
0.757076,0,0,0
0.758076,0,0,0
0.759076,0,0,0
0.760076,0,0,0
0.761076,0,0,0
0.762076,0,0,0
0.763076,0,0,0
0.764076,0,0,0
0.765077,0,0,0
0.766077,0,0,0
0.767077,0,0,0
0.768077,0,0,0
0.769077,0,0,0
0.770077,0,0,0
0.771077,0,0,0
0.772077,0,0,0
0.773077,0,0,0
0.774077,0,0,0
0.775078,0,0,0
0.776078,0,0,0
0.777078,0,0,0
0.778078,0,0,0
0.779078,0,0,0
0.780078,0,0,0
0.781078,0,0,0
0.782078,0,0,0
0.783078,0,0,0
0.784078,0,0,0
0.785079,0,0,0
0.786079,0,0,0
0.787079,0,0,0
0.788079,0,0,0
0.789079,0,0,0
0.790079,0,0,0
0.791079,0,0,0
0.792079,0,0,0
0.793079,0,0,0
0.794079,0,0,0
0.79508,0,0,0
0.79608,0,0,0
0.79708,0,0,0
0.79808,0,0,0
0.79908,0,0,0
0.80008,0,0,0
0.80108,0,0,0
0.80208,0,0,0
0.80308,0,0,0
0.80408,0,0,0
0.805081,0,0,0
0.806081,0,0,0
0.807081,0,0,0
0.808081,0,0,0
0.809081,0,0,0
0.810081,0,0,0
0.811081,0,0,0
0.812081,0,0,0
0.813081,0,0,0
0.814081,0,0,0
0.815082,0,0,0
0.816082,0,0,0
0.817082,0,0,0
0.818082,0,0,0
0.819082,0,0,0
0.820082,0,0,0
0.821082,0,0,0
0.822082,0,0,0
0.823082,0,0,0
0.824082,0,0,0
0.825083,0,0,0
0.826083,0,0,0
0.827083,0,0,0
0.828083,0,0,0
0.829083,0,0,0
0.830083,0,0,0
0.831083,0,0,0
0.832083,0,0,0
0.833083,0,0,0
0.834083,0,0,0
0.835084,0,0,0
0.836084,0,0,0
0.837084,0,0,0
0.838084,0,0,0
0.839084,0,0,0
0.840084,0,0,0
0.841084,0,0,0
0.842084,0,0,0
0.843084,0,0,0
0.844084,0,0,0
0.845085,0,0,0
0.846085,0,0,0
0.847085,0,0,0
0.848085,0,0,0
0.849085,0,0,0
0.850085,0,0,0
0.851085,0,0,0
0.852085,0,0,0
0.853085,0,0,0
0.854085,0,0,0
0.855086,0,0,0
0.856086,0,0,0
0.857086,0,0,0
0.858086,0,0,0
0.859086,0,0,0
0.860086,0,0,0
0.861086,0,0,0
0.862086,0,0,0
0.863086,0,0,0
0.864086,0,0,0
0.865087,0,0,0
0.866087,0,0,0
0.867087,0,0,0
0.868087,0,0,0
0.869087,0,0,0
0.870087,0,0,0
0.871087,0,0,0
0.872087,0,0,0
0.873087,0,0,0
0.874087,0,0,0
0.875088,0,0,0
0.876088,0,0,0
0.877088,0,0,0
0.878088,0,0,0
0.879088,0,0,0
0.880088,0,0,0
0.881088,0,0,0
0.882088,0,0,0
0.883088,0,0,0
0.884088,0,0,0
0.885089,0,0,0
0.886089,0,0,0
0.887089,0,0,0
0.888089,0,0,0
0.889089,0,0,0
0.890089,0,0,0
0.891089,0,0,0
0.892089,0,0,0
0.893089,0,0,0
0.894089,0,0,0
0.89509,0,0,0
0.89609,0,0,0
0.89709,0,0,0
0.89809,0,0,0
0.89909,0,0,0
0.90009,0,0,0
0.90109,0,0,0
0.90209,0,0,0
0.90309,0,0,0
0.90409,0,0,0
0.905091,0,0,0
0.906091,0,0,0
0.907091,0,0,0
0.908091,0,0,0
0.909091,0,0,0
0.910091,0,0,0
0.911091,0,0,0
0.912091,0,0,0
0.913091,0,0,0
0.914091,0,0,0
0.915092,0,0,0
0.916092,0,0,0
0.917092,0,0,0
0.918092,0,0,0
0.919092,0,0,0
0.920092,0,0,0
0.921092,0,0,0
0.922092,0,0,0
0.923092,0,0,0
0.924092,0,0,0
0.925093,0,0,0
0.926093,0,0,0
0.927093,0,0,0
0.928093,0,0,0
0.929093,0,0,0
0.930093,0,0,0
0.931093,0,0,0
0.932093,0,0,0
0.933093,0,0,0
0.934093,0,0,0
0.935094,0,0,0
0.936094,0,0,0
0.937094,0,0,0
0.938094,0,0,0
0.939094,0,0,0
0.940094,0,0,0
0.941094,0,0,0
0.942094,0,0,0
0.943094,0,0,0
0.944094,0,0,0
0.945095,0,0,0
0.946095,0,0,0
0.947095,0,0,0
0.948095,0,0,0
0.949095,0,0,0
0.950095,0,0,0
0.951095,0,0,0
0.952095,0,0,0
0.953095,0,0,0
0.954095,0,0,0
0.955096,0,0,0
0.956096,0,0,0
0.957096,0,0,0
0.958096,0,0,0
0.959096,0,0,0
0.960096,0,0,0
0.961096,0,0,0
0.962096,0,0,0
0.963096,0,0,0
0.964096,0,0,0
0.965097,0,0,0
0.966097,0,0,0
0.967097,0,0,0
0.968097,0,0,0
0.969097,0,0,0
0.970097,0,0,0
0.971097,0,0,0
0.972097,0,0,0
0.973097,0,0,0
0.974097,0,0,0
0.975098,0,0,0
0.976098,0,0,0
0.977098,0,0,0
0.978098,0,0,0
0.979098,0,0,0
0.980098,0,0,0
0.981098,0,0,0
0.982098,0,0,0
0.983098,0,0,0
0.984098,0,0,0
0.985099,0,0,0
0.986099,0,0,0
0.987099,0,0,0
0.988099,0,0,0
0.989099,0,0,0
0.990099,0,0,0
0.991099,0,0,0
0.992099,0,0,0
0.993099,0,0,0
0.994099,0,0,0
0.9951,0,0,0
0.9961,0,0,0
0.9971,0,0,0
0.9981,0,0,0
0.9991,0,0,0
1.0001,0,0,0
1.0011,0,0,0
1.0021,0,0,0
1.0031,0,0,0
1.0041,0,0,0
1.0051,0,0,0
1.0061,0,0,0
1.0071,0,0,0
1.0081,0,0,0
1.0091,0,0,0
1.0101,0,0,0
1.0111,0,0,0
1.0121,0,0,0
1.0131,0,0,0
1.0141,0,0,0
1.0151,0,0,0
1.0161,0,0,0
1.0171,0,0,0
1.0181,0,0,0
1.0191,0,0,0
1.0201,0,0,0
1.0211,0,0,0
1.0221,0,0,0
1.0231,0,0,0
1.0241,0,0,0
1.0251,0,0,0
1.0261,0,0,0
1.0271,0,0,0
1.0281,0,0,0
1.0291,0,0,0
1.0301,0,0,0
1.0311,0,0,0
1.0321,0,0,0
1.0331,0,0,0
1.0341,0,0,0
1.0351,0,0,0
1.0361,0,0,0
1.0371,0,0,0
1.0381,0,0,0
1.0391,0,0,0
1.0401,0,0,0
1.0411,0,0,0
1.0421,0,0,0
1.0431,0,0,0
1.0441,0,0,0
1.0451,0,0,0
1.0461,0,0,0
1.0471,0,0,0
1.0481,0,0,0
1.0491,0,0,0
1.05011,0,0,0
1.05111,0,0,0
1.05211,0,0,0
1.05311,0,0,0
1.05411,0,0,0
1.05511,0,0,0
1.05611,0,0,0
1.05711,0,0,0
1.05811,0,0,0
1.05911,0,0,0
1.06011,0,0,0
1.06111,0,0,0
1.06211,0,0,0
1.06311,0,0,0
1.06411,0,0,0
1.06511,0,0,0
1.06611,0,0,0
1.06711,0,0,0
1.06811,0,0,0
1.06911,0,0,0
1.07011,0,0,0
1.07111,0,0,0
1.07211,0,0,0
1.07311,0,0,0
1.07411,0,0,0
1.07511,0,0,0
1.07611,0,0,0
1.07711,0,0,0
1.07811,0,0,0
1.07911,0,0,0
1.08011,0,0,0
1.08111,0,0,0
1.08211,0,0,0
1.08311,0,0,0
1.08411,0,0,0
1.08511,0,0,0
1.08611,0,0,0
1.08711,0,0,0
1.08811,0,0,0
1.08911,0,0,0
1.09011,0,0,0
1.09111,0,0,0
1.09211,0,0,0
1.09311,0,0,0
1.09411,0,0,0
1.09511,0,0,0
1.09611,0,0,0
1.09711,0,0,0
1.09811,0,0,0
1.09911,0,0,0
1.10011,0,0,0
1.10111,0,0,0
1.10211,0,0,0
1.10311,0,0,0
1.10411,0,0,0
1.10511,0,0,0
1.10611,0,0,0
1.10711,0,0,0
1.10811,0,0,0
1.10911,0,0,0
1.11011,0,0,0
1.11111,0,0,0
1.11211,0,0,0
1.11311,0,0,0
1.11411,0,0,0
1.11511,0,0,0
1.11611,0,0,0
1.11711,0,0,0
1.11811,0,0,0
1.11911,0,0,0
1.12011,0,0,0
1.12111,0,0,0
1.12211,0,0,0
1.12311,0,0,0
1.12411,0,0,0
1.12511,0,0,0
1.12611,0,0,0
1.12711,0,0,0
1.12811,0,0,0
1.12911,0,0,0
1.13011,0,0,0
1.13111,0,0,0
1.13211,0,0,0
1.13311,0,0,0
1.13411,0,0,0
1.13511,0,0,0
1.13611,0,0,0
1.13711,0,0,0
1.13811,0,0,0
1.13911,0,0,0
1.14011,0,0,0
1.14111,0,0,0
1.14211,0,0,0
1.14311,0,0,0
1.14411,0,0,0
1.14511,0,0,0
1.14611,0,0,0
1.14711,0,0,0
1.14811,0,0,0
1.14911,0,0,0
1.15012,0,0,0
1.15112,0,0,0
1.15212,0,0,0
1.15312,0,0,0
1.15412,0,0,0
1.15512,0,0,0
1.15612,0,0,0
1.15712,0,0,0
1.15812,0,0,0
1.15912,0,0,0
1.16012,0,0,0
1.16112,0,0,0
1.16212,0,0,0
1.16312,0,0,0
1.16412,0,0,0
1.16512,0,0,0
1.16612,0,0,0
1.16712,0,0,0
1.16812,0,0,0
1.16912,0,0,0
1.17012,0,0,0
1.17112,0,0,0
1.17212,0,0,0
1.17312,0,0,0
1.17412,0,0,0
1.17512,0,0,0
1.17612,0,0,0
1.17712,0,0,0
1.17812,0,0,0
1.17912,0,0,0
1.18012,0,0,0
1.18112,0,0,0
1.18212,0,0,0
1.18312,0,0,0
1.18412,0,0,0
1.18512,0,0,0
1.18612,0,0,0
1.18712,0,0,0
1.18812,0,0,0
1.18912,0,0,0
1.19012,0,0,0
1.19112,0,0,0
1.19212,0,0,0
1.19312,0,0,0
1.19412,0,0,0
1.19512,0,0,0
1.19612,0,0,0
1.19712,0,0,0
1.19812,0,0,0
1.19912,0,0,0
1.20012,0,0,0
1.20112,0,0,0
1.20212,0,0,0
1.20312,0,0,0
1.20412,0,0,0
1.20512,0,0,0
1.20612,0,0,0
1.20712,0,0,0
1.20812,0,0,0
1.20912,0,0,0
1.21012,0,0,0
1.21112,0,0,0
1.21212,0,0,0
1.21312,0,0,0
1.21412,0,0,0
1.21512,0,0,0
1.21612,0,0,0
1.21712,0,0,0
1.21812,0,0,0
1.21912,0,0,0
1.22012,0,0,0
1.22112,0,0,0
1.22212,0,0,0
1.22312,0,0,0
1.22412,0,0,0
1.22512,0,0,0
1.22612,0,0,0
1.22712,0,0,0
1.22812,0,0,0
1.22912,0,0,0
1.23012,0,0,0
1.23112,0,0,0
1.23212,0,0,0
1.23312,0,0,0
1.23412,0,0,0
1.23512,0,0,0
1.23612,0,0,0
1.23712,0,0,0
1.23812,0,0,0
1.23912,0,0,0
1.24012,0,0,0
1.24112,0,0,0
1.24212,0,0,0
1.24312,0,0,0
1.24412,0,0,0
1.24512,0,0,0
1.24612,0,0,0
1.24712,0,0,0
1.24812,0,0,0
1.24912,0,0,0
1.25013,0,0,0
1.25113,0,0,0
1.25213,0,0,0
1.25313,0,0,0
1.25413,0,0,0
1.25513,0,0,0
1.25613,0,0,0
1.25713,0,0,0
1.25813,0,0,0
1.25913,0,0,0
1.26013,0,0,0
1.26113,0,0,0
1.26213,0,0,0
1.26313,0,0,0
1.26413,0,0,0
1.26513,0,0,0
1.26613,0,0,0
1.26713,0,0,0
1.26813,0,0,0
1.26913,0,0,0
1.27013,0,0,0
1.27113,0,0,0
1.27213,0,0,0
1.27313,0,0,0
1.27413,0,0,0
1.27513,0,0,0
1.27613,0,0,0
1.27713,0,0,0
1.27813,0,0,0
1.27913,0,0,0
1.28013,0,0,0
1.28113,0,0,0
1.28213,0,0,0
1.28313,0,0,0
1.28413,0,0,0
1.28513,0,0,0
1.28613,0,0,0
1.28713,0,0,0
1.28813,0,0,0
1.28913,0,0,0
1.29013,0,0,0
1.29113,0,0,0
1.29213,0,0,0
1.29313,0,0,0
1.29413,0,0,0
1.29513,0,0,0
1.29613,0,0,0
1.29713,0,0,0
1.29813,0,0,0
1.29913,0,0,0
1.30013,0,0,0
1.30113,0,0,0
1.30213,0,0,0
1.30313,0,0,0
1.30413,0,0,0
1.30513,0,0,0
1.30613,0,0,0
1.30713,0,0,0
1.30813,0,0,0
1.30913,0,0,0
1.31013,0,0,0
1.31113,0,0,0
1.31213,0,0,0
1.31313,0,0,0
1.31413,0,0,0
1.31513,0,0,0
1.31613,0,0,0
1.31713,0,0,0
1.31813,0,0,0
1.31913,0,0,0
1.32013,0,0,0
1.32113,0,0,0
1.32213,0,0,0
1.32313,0,0,0
1.32413,0,0,0
1.32513,0,0,0
1.32613,0,0,0
1.32713,0,0,0
1.32813,0,0,0
1.32913,0,0,0
1.33013,0,0,0
1.33113,0,0,0
1.33213,0,0,0
1.33313,0,0,0
1.33413,0,0,0
1.33513,0,0,0
1.33613,0,0,0
1.33713,0,0,0
1.33813,0,0,0
1.33913,0,0,0
1.34013,0,0,0
1.34113,0,0,0
1.34213,0,0,0
1.34313,0,0,0
1.34413,0,0,0
1.34513,0,0,0
1.34613,0,0,0
1.34713,0,0,0
1.34813,0,0,0
1.34913,0,0,0
1.35014,0,0,0
1.35114,0,0,0
1.35214,0,0,0
1.35314,0,0,0
1.35414,0,0,0
1.35514,0,0,0
1.35614,0,0,0
1.35714,0,0,0
1.35814,0,0,0
1.35914,0,0,0
1.36014,0,0,0
1.36114,0,0,0
1.36214,0,0,0
1.36314,0,0,0
1.36414,0,0,0
1.36514,0,0,0
1.36614,0,0,0
1.36714,0,0,0
1.36814,0,0,0
1.36914,0,0,0
1.37014,0,0,0
1.37114,0,0,0
1.37214,0,0,0
1.37314,0,0,0
1.37414,0,0,0
1.37514,0,0,0
1.37614,0,0,0
1.37714,0,0,0
1.37814,0,0,0
1.37914,0,0,0
1.38014,0,0,0
1.38114,0,0,0
1.38214,0,0,0
1.38314,0,0,0
1.38414,0,0,0
1.38514,0,0,0
1.38614,0,0,0
1.38714,0,0,0
1.38814,0,0,0
1.38914,0,0,0
1.39014,0,0,0
1.39114,0,0,0
1.39214,0,0,0
1.39314,0,0,0
1.39414,0,0,0
1.39514,0,0,0
1.39614,0,0,0
1.39714,0,0,0
1.39814,0,0,0
1.39914,0,0,0
1.40014,0,0,0
1.40114,0,0,0
1.40214,0,0,0
1.40314,0,0,0
1.40414,0,0,0
1.40514,0,0,0
1.40614,0,0,0
1.40714,0,0,0
1.40814,0,0,0
1.40914,0,0,0
1.41014,0,0,0
1.41114,0,0,0
1.41214,0,0,0
1.41314,0,0,0
1.41414,0,0,0
1.41514,0,0,0
1.41614,0,0,0
1.41714,0,0,0
1.41814,0,0,0
1.41914,0,0,0
1.42014,0,0,0
1.42114,0,0,0
1.42214,0,0,0
1.42314,0,0,0
1.42414,0,0,0
1.42514,0,0,0
1.42614,0,0,0
1.42714,0,0,0
1.42814,0,0,0
1.42914,0,0,0
1.43014,0,0,0
1.43114,0,0,0
1.43214,0,0,0
1.43314,0,0,0
1.43414,0,0,0
1.43514,0,0,0
1.43614,0,0,0
1.43714,0,0,0
1.43814,0,0,0
1.43914,0,0,0
1.44014,0,0,0
1.44114,0,0,0
1.44214,0,0,0
1.44314,0,0,0
1.44414,0,0,0
1.44514,0,0,0
1.44614,0,0,0
1.44714,0,0,0
1.44814,0,0,0
1.44914,0,0,0
1.45015,0,0,0
1.45115,0,0,0
1.45215,0,0,0
1.45315,0,0,0
1.45415,0,0,0
1.45515,0,0,0
1.45615,0,0,0
1.45715,0,0,0
1.45815,0,0,0
1.45915,0,0,0
1.46015,0,0,0
1.46115,0,0,0
1.46215,0,0,0
1.46315,0,0,0
1.46415,0,0,0
1.46515,0,0,0
1.46615,0,0,0
1.46715,0,0,0
1.46815,0,0,0
1.46915,0,0,0
1.47015,0,0,0
1.47115,0,0,0
1.47215,0,0,0
1.47315,0,0,0
1.47415,0,0,0
1.47515,0,0,0
1.47615,0,0,0
1.47715,0,0,0
1.47815,0,0,0
1.47915,0,0,0
1.48015,0,0,0
1.48115,0,0,0
1.48215,0,0,0
1.48315,0,0,0
1.48415,0,0,0
1.48515,0,0,0
1.48615,0,0,0
1.48715,0,0,0
1.48815,0,0,0
1.48915,0,0,0
1.49015,0,0,0
1.49115,0,0,0
1.49215,0,0,0
1.49315,0,0,0
1.49415,0,0,0
1.49515,0,0,0
1.49615,0,0,0
1.49715,0,0,0
1.49815,0,0,0
1.49915,0,0,0
1.50015,0,0,0
1.50115,0,0,0
1.50215,0,0,0
1.50315,0,0,0
1.50415,0,0,0
1.50515,0,0,0
1.50615,0,0,0
1.50715,0,0,0
1.50815,0,0,0
1.50915,0,0,0
1.51015,0,0,0
1.51115,0,0,0
1.51215,0,0,0
1.51315,0,0,0
1.51415,0,0,0
1.51515,0,0,0
1.51615,0,0,0
1.51715,0,0,0
1.51815,0,0,0
1.51915,0,0,0
1.52015,0,0,0
1.52115,0,0,0
1.52215,0,0,0
1.52315,0,0,0
1.52415,0,0,0
1.52515,0,0,0
1.52615,0,0,0
1.52715,0,0,0
1.52815,0,0,0
1.52915,0,0,0
1.53015,0,0,0
1.53115,0,0,0
1.53215,0,0,0
1.53315,0,0,0
1.53415,0,0,0
1.53515,0,0,0
1.53615,0,0,0
1.53715,0,0,0
1.53815,0,0,0
1.53915,0,0,0
1.54015,0,0,0
1.54115,0,0,0
1.54215,0,0,0
1.54315,0,0,0
1.54415,0,0,0
1.54515,0,0,0
1.54615,0,0,0
1.54715,0,0,0
1.54815,0,0,0
1.54915,0,0,0
1.55016,0,0,0
1.55116,0,0,0
1.55216,0,0,0
1.55316,0,0,0
1.55416,0,0,0
1.55516,0,0,0
1.55616,0,0,0
1.55716,0,0,0
1.55816,0,0,0
1.55916,0,0,0
1.56016,0,0,0
1.56116,0,0,0
1.56216,0,0,0
1.56316,0,0,0
1.56416,0,0,0
1.56516,0,0,0
1.56616,0,0,0
1.56716,0,0,0
1.56816,0,0,0
1.56916,0,0,0
1.57016,0,0,0
1.57116,0,0,0
1.57216,0,0,0
1.57316,0,0,0
1.57416,0,0,0
1.57516,0,0,0
1.57616,0,0,0
1.57716,0,0,0
1.57816,0,0,0
1.57916,0,0,0
1.58016,0,0,0
1.58116,0,0,0
1.58216,0,0,0
1.58316,0,0,0
1.58416,0,0,0
1.58516,0,0,0
1.58616,0,0,0
1.58716,0,0,0
1.58816,0,0,0
1.58916,0,0,0
1.59016,0,0,0
1.59116,0,0,0
1.59216,0,0,0
1.59316,0,0,0
1.59416,0,0,0
1.59516,0,0,0
1.59616,0,0,0
1.59716,0,0,0
1.59816,0,0,0
1.59916,0,0,0
1.60016,0,0,0
1.60116,0,0,0
1.60216,0,0,0
1.60316,0,0,0
1.60416,0,0,0
1.60516,0,0,0
1.60616,0,0,0
1.60716,0,0,0
1.60816,0,0,0
1.60916,0,0,0
1.61016,0,0,0
1.61116,0,0,0
1.61216,0,0,0
1.61316,0,0,0
1.61416,0,0,0
1.61516,0,0,0
1.61616,0,0,0
1.61716,0,0,0
1.61816,0,0,0
1.61916,0,0,0
1.62016,0,0,0
1.62116,0,0,0
1.62216,0,0,0
1.62316,0,0,0
1.62416,0,0,0
1.62516,0,0,0
1.62616,0,0,0
1.62716,0,0,0
1.62816,0,0,0
1.62916,0,0,0
1.63016,0,0,0
1.63116,0,0,0
1.63216,0,0,0
1.63316,0,0,0
1.63416,0,0,0
1.63516,0,0,0
1.63616,0,0,0
1.63716,0,0,0
1.63816,0,0,0
1.63916,0,0,0
1.64016,0,0,0
1.64116,0,0,0
1.64216,0,0,0
1.64316,0,0,0
1.64416,0,0,0
1.64516,0,0,0
1.64616,0,0,0
1.64716,0,0,0
1.64816,0,0,0
1.64916,0,0,0
1.65017,0,0,0
1.65117,0,0,0
1.65217,0,0,0
1.65317,0,0,0
1.65417,0,0,0
1.65517,0,0,0
1.65617,0,0,0
1.65717,0,0,0
1.65817,0,0,0
1.65917,0,0,0
1.66017,0,0,0
1.66117,0,0,0
1.66217,0,0,0
1.66317,0,0,0
1.66417,0,0,0
1.66517,0,0,0
1.66617,0,0,0
1.66717,0,0,0
1.66817,0,0,0
1.66917,0,0,0
1.67017,0,0,0
1.67117,0,0,0
1.67217,0,0,0
1.67317,0,0,0
1.67417,0,0,0
1.67517,0,0,0
1.67617,0,0,0
1.67717,0,0,0
1.67817,0,0,0
1.67917,0,0,0
1.68017,0,0,0
1.68117,0,0,0
1.68217,0,0,0
1.68317,0,0,0
1.68417,0,0,0
1.68517,0,0,0
1.68617,0,0,0
1.68717,0,0,0
1.68817,0,0,0
1.68917,0,0,0
1.69017,0,0,0
1.69117,0,0,0
1.69217,0,0,0
1.69317,0,0,0
1.69417,0,0,0
1.69517,0,0,0
1.69617,0,0,0
1.69717,0,0,0
1.69817,0,0,0
1.69917,0,0,0
1.70017,0,0,0
1.70117,0,0,0
1.70217,0,0,0
1.70317,0,0,0
1.70417,0,0,0
1.70517,0,0,0
1.70617,0,0,0
1.70717,0,0,0
1.70817,0,0,0
1.70917,0,0,0
1.71017,0,0,0
1.71117,0,0,0
1.71217,0,0,0
1.71317,0,0,0
1.71417,0,0,0
1.71517,0,0,0
1.71617,0,0,0
1.71717,0,0,0
1.71817,0,0,0
1.71917,0,0,0
1.72017,0,0,0
1.72117,0,0,0
1.72217,0,0,0
1.72317,0,0,0
1.72417,0,0,0
1.72517,0,0,0
1.72617,0,0,0
1.72717,0,0,0
1.72817,0,0,0
1.72917,0,0,0
1.73017,0,0,0
1.73117,0,0,0
1.73217,0,0,0
1.73317,0,0,0
1.73417,0,0,0
1.73517,0,0,0
1.73617,0,0,0
1.73717,0,0,0
1.73817,0,0,0
1.73917,0,0,0
1.74017,0,0,0
1.74117,0,0,0
1.74217,0,0,0
1.74317,0,0,0
1.74417,0,0,0
1.74517,0,0,0
1.74617,0,0,0
1.74717,0,0,0
1.74817,0,0,0
1.74917,0,0,0
1.75018,0,0,0
1.75118,0,0,0
1.75218,0,0,0
1.75318,0,0,0
1.75418,0,0,0
1.75518,0,0,0
1.75618,0,0,0
1.75718,0,0,0
1.75818,0,0,0
1.75918,0,0,0
1.76018,0,0,0
1.76118,0,0,0
1.76218,0,0,0
1.76318,0,0,0
1.76418,0,0,0
1.76518,0,0,0
1.76618,0,0,0
1.76718,0,0,0
1.76818,0,0,0
1.76918,0,0,0
1.77018,0,0,0
1.77118,0,0,0
1.77218,0,0,0
1.77318,0,0,0
1.77418,0,0,0
1.77518,0,0,0
1.77618,0,0,0
1.77718,0,0,0
1.77818,0,0,0
1.77918,0,0,0
1.78018,0,0,0
1.78118,0,0,0
1.78218,0,0,0
1.78318,0,0,0
1.78418,0,0,0
1.78518,0,0,0
1.78618,0,0,0
1.78718,0,0,0
1.78818,0,0,0
1.78918,0,0,0
1.79018,0,0,0
1.79118,0,0,0
1.79218,0,0,0
1.79318,0,0,0
1.79418,0,0,0
1.79518,0,0,0
1.79618,0,0,0
1.79718,0,0,0
1.79818,0,0,0
1.79918,0,0,0
1.80018,0,0,0
1.80118,0,0,0
1.80218,0,0,0
1.80318,0,0,0
1.80418,0,0,0
1.80518,0,0,0
1.80618,0,0,0
1.80718,0,0,0
1.80818,0,0,0
1.80918,0,0,0
1.81018,0,0,0
1.81118,0,0,0
1.81218,0,0,0
1.81318,0,0,0
1.81418,0,0,0
1.81518,0,0,0
1.81618,0,0,0
1.81718,0,0,0
1.81818,0,0,0
1.81918,0,0,0
1.82018,0,0,0
1.82118,0,0,0
1.82218,0,0,0
1.82318,0,0,0
1.82418,0,0,0
1.82518,0,0,0
1.82618,0,0,0
1.82718,0,0,0
1.82818,0,0,0
1.82918,0,0,0
1.83018,0,0,0
1.83118,0,0,0
1.83218,0,0,0
1.83318,0,0,0
1.83418,0,0,0
1.83518,0,0,0
1.83618,0,0,0
1.83718,0,0,0
1.83818,0,0,0
1.83918,0,0,0
1.84018,0,0,0
1.84118,0,0,0
1.84218,0,0,0
1.84318,0,0,0
1.84418,0,0,0
1.84518,0,0,0
1.84618,0,0,0
1.84718,0,0,0
1.84818,0,0,0
1.84918,0,0,0
1.85019,0,0,0
1.85119,0,0,0
1.85219,0,0,0
1.85319,0,0,0
1.85419,0,0,0
1.85519,0,0,0
1.85619,0,0,0
1.85719,0,0,0
1.85819,0,0,0
1.85919,0,0,0
1.86019,0,0,0
1.86119,0,0,0
1.86219,0,0,0
1.86319,0,0,0
1.86419,0,0,0
1.86519,0,0,0
1.86619,0,0,0
1.86719,0,0,0
1.86819,0,0,0
1.86919,0,0,0
1.87019,0,0,0
1.87119,0,0,0
1.87219,0,0,0
1.87319,0,0,0
1.87419,0,0,0
1.87519,0,0,0
1.87619,0,0,0
1.87719,0,0,0
1.87819,0,0,0
1.87919,0,0,0
1.88019,0,0,0
1.88119,0,0,0
1.88219,0,0,0
1.88319,0,0,0
1.88419,0,0,0
1.88519,0,0,0
1.88619,0,0,0
1.88719,0,0,0
1.88819,0,0,0
1.88919,0,0,0
1.89019,0,0,0
1.89119,0,0,0
1.89219,0,0,0
1.89319,0,0,0
1.89419,0,0,0
1.89519,0,0,0
1.89619,0,0,0
1.89719,0,0,0
1.89819,0,0,0
1.89919,0,0,0
1.90019,0,0,0
1.90119,0,0,0
1.90219,0,0,0
1.90319,0,0,0
1.90419,0,0,0
1.90519,0,0,0
1.90619,0,0,0
1.90719,0,0,0
1.90819,0,0,0
1.90919,0,0,0
1.91019,0,0,0
1.91119,0,0,0
1.91219,0,0,0
1.91319,0,0,0
1.91419,0,0,0
1.91519,0,0,0
1.91619,0,0,0
1.91719,0,0,0
1.91819,0,0,0
1.91919,0,0,0
1.92019,0,0,0
1.92119,0,0,0
1.92219,0,0,0
1.92319,0,0,0
1.92419,0,0,0
1.92519,0,0,0
1.92619,0,0,0
1.92719,0,0,0
1.92819,0,0,0
1.92919,0,0,0
1.93019,0,0,0
1.93119,0,0,0
1.93219,0,0,0
1.93319,0,0,0
1.93419,0,0,0
1.93519,0,0,0
1.93619,0,0,0
1.93719,0,0,0
1.93819,0,0,0
1.93919,0,0,0
1.94019,0,0,0
1.94119,0,0,0
1.94219,0,0,0
1.94319,0,0,0
1.94419,0,0,0
1.94519,0,0,0
1.94619,0,0,0
1.94719,0,0,0
1.94819,0,0,0
1.94919,0,0,0
1.9502,0,0,0
1.9512,0,0,0
1.9522,0,0,0
1.9532,0,0,0
1.9542,0,0,0
1.9552,0,0,0
1.9562,0,0,0
1.9572,0,0,0
1.9582,0,0,0
1.9592,0,0,0
1.9602,0,0,0
1.9612,0,0,0
1.9622,0,0,0
1.9632,0,0,0
1.9642,0,0,0
1.9652,0,0,0
1.9662,0,0,0
1.9672,0,0,0
1.9682,0,0,0
1.9692,0,0,0
1.9702,0,0,0
1.9712,0,0,0
1.9722,0,0,0
1.9732,0,0,0
1.9742,0,0,0
1.9752,0,0,0
1.9762,0,0,0
1.9772,0,0,0
1.9782,0,0,0
1.9792,0,0,0
1.9802,0,0,0
1.9812,0,0,0
1.9822,0,0,0
1.9832,0,0,0
1.9842,0,0,0
1.9852,0,0,0
1.9862,0,0,0
1.9872,0,0,0
1.9882,0,0,0
1.9892,0,0,0
1.9902,0,0,0
1.9912,0,0,0
1.9922,0,0,0
1.9932,0,0,0
1.9942,0,0,0
1.9952,0,0,0
1.9962,0,0,0
1.9972,0,0,0
1.9982,0,0,0
1.9992,0,0,0
2.0002,0,0,0
2.0012,0,0,0
2.0022,0,0,0
2.0032,0,0,0
2.0042,0,0,0
2.0052,0,0,0
2.0062,0,0,0
2.0072,0,0,0
2.0082,0,0,0
2.0092,0,0,0
2.0102,0,0,0
2.0112,0,0,0
2.0122,0,0,0
2.0132,0,0,0
2.0142,0,0,0
2.0152,0,0,0
2.0162,0,0,0
2.0172,0,0,0
2.0182,0,0,0
2.0192,0,0,0
2.0202,0,0,0
2.0212,0,0,0
2.0222,0,0,0
2.0232,0,0,0
2.0242,0,0,0
2.0252,0,0,0
2.0262,0,0,0
2.0272,0,0,0
2.0282,0,0,0
2.0292,0,0,0
2.0302,0,0,0
2.0312,0,0,0
2.0322,0,0,0
2.0332,0,0,0
2.0342,0,0,0
2.0352,0,0,0
2.0362,0,0,0
2.0372,0,0,0
2.0382,0,0,0
2.0392,0,0,0
2.0402,0,0,0
2.0412,0,0,0
2.0422,0,0,0
2.0432,0,0,0
2.0442,0,0,0
2.0452,0,0,0
2.0462,0,0,0
2.0472,0,0,0
2.0482,0,0,0
2.0492,0,0,0
2.05021,0,0,0
2.05121,0,0,0
2.05221,0,0,0
2.05321,0,0,0
2.05421,0,0,0
2.05521,0,0,0
2.05621,0,0,0
2.05721,0,0,0
2.05821,0,0,0
2.05921,0,0,0
2.06021,0,0,0
2.06121,0,0,0
2.06221,0,0,0
2.06321,0,0,0
2.06421,0,0,0
2.06521,0,0,0
2.06621,0,0,0
2.06721,0,0,0
2.06821,0,0,0
2.06921,0,0,0
2.07021,0,0,0
2.07121,0,0,0
2.07221,0,0,0
2.07321,0,0,0
2.07421,0,0,0
2.07521,0,0,0
2.07621,0,0,0
2.07721,0,0,0
2.07821,0,0,0
2.07921,0,0,0
2.08021,0,0,0
2.08121,0,0,0
2.08221,0,0,0
2.08321,0,0,0
2.08421,0,0,0
2.08521,0,0,0
2.08621,0,0,0
2.08721,0,0,0
2.08821,0,0,0
2.08921,0,0,0
2.09021,0,0,0
2.09121,0,0,0
2.09221,0,0,0
2.09321,0,0,0
2.09421,0,0,0
2.09521,0,0,0
2.09621,0,0,0
2.09721,0,0,0
2.09821,0,0,0
2.09921,0,0,0
2.10021,0,0,0
2.10121,0,0,0
2.10221,0,0,0
2.10321,0,0,0
2.10421,0,0,0
2.10521,0,0,0
2.10621,0,0,0
2.10721,0,0,0
2.10821,0,0,0
2.10921,0,0,0
2.11021,0,0,0
2.11121,0,0,0
2.11221,0,0,0
2.11321,0,0,0
2.11421,0,0,0
2.11521,0,0,0
2.11621,0,0,0
2.11721,0,0,0
2.11821,0,0,0
2.11921,0,0,0
2.12021,0,0,0
2.12121,0,0,0
2.12221,0,0,0
2.12321,0,0,0
2.12421,0,0,0
2.12521,0,0,0
2.12621,0,0,0
2.12721,0,0,0
2.12821,0,0,0
2.12921,0,0,0
2.13021,0,0,0
2.13121,0,0,0
2.13221,0,0,0
2.13321,0,0,0
2.13421,0,0,0
2.13521,0,0,0
2.13621,0,0,0
2.13721,0,0,0
2.13821,0,0,0
2.13921,0,0,0
2.14021,0,0,0
2.14121,0,0,0
2.14221,0,0,0
2.14321,0,0,0
2.14421,0,0,0
2.14521,0,0,0
2.14621,0,0,0
2.14721,0,0,0
2.14821,0,0,0
2.14921,0,0,0
2.15022,0,0,0
2.15122,0,0,0
2.15222,0,0,0
2.15322,0,0,0
2.15422,0,0,0
2.15522,0,0,0
2.15622,0,0,0
2.15722,0,0,0
2.15822,0,0,0
2.15922,0,0,0
2.16022,0,0,0
2.16122,0,0,0
2.16222,0,0,0
2.16322,0,0,0
2.16422,0,0,0
2.16522,0,0,0
2.16622,0,0,0
2.16722,0,0,0
2.16822,0,0,0
2.16922,0,0,0
2.17022,0,0,0
2.17122,0,0,0
2.17222,0,0,0
2.17322,0,0,0
2.17422,0,0,0
2.17522,0,0,0
2.17622,0,0,0
2.17722,0,0,0
2.17822,0,0,0
2.17922,0,0,0
2.18022,0,0,0
2.18122,0,0,0
2.18222,0,0,0
2.18322,0,0,0
2.18422,0,0,0
2.18522,0,0,0
2.18622,0,0,0
2.18722,0,0,0
2.18822,0,0,0
2.18922,0,0,0
2.19022,0,0,0
2.19122,0,0,0
2.19222,0,0,0
2.19322,0,0,0
2.19422,0,0,0
2.19522,0,0,0
2.19622,0,0,0
2.19722,0,0,0
2.19822,0,0,0
2.19922,0,0,0
2.20022,0,0,0
2.20122,0,0,0
2.20222,0,0,0
2.20322,0,0,0
2.20422,0,0,0
2.20522,0,0,0
2.20622,0,0,0
2.20722,0,0,0
2.20822,0,0,0
2.20922,0,0,0
2.21022,0,0,0
2.21122,0,0,0
2.21222,0,0,0
2.21322,0,0,0
2.21422,0,0,0
2.21522,0,0,0
2.21622,0,0,0
2.21722,0,0,0
2.21822,0,0,0
2.21922,0,0,0
2.22022,0,0,0
2.22122,0,0,0
2.22222,0,0,0
2.22322,0,0,0
2.22422,0,0,0
2.22522,0,0,0
2.22622,0,0,0
2.22722,0,0,0
2.22822,0,0,0
2.22922,0,0,0
2.23022,0,0,0
2.23122,0,0,0
2.23222,0,0,0
2.23322,0,0,0
2.23422,0,0,0
2.23522,0,0,0
2.23622,0,0,0
2.23722,0,0,0
2.23822,0,0,0
2.23922,0,0,0
2.24022,0,0,0
2.24122,0,0,0
2.24222,0,0,0
2.24322,0,0,0
2.24422,0,0,0
2.24522,0,0,0
2.24622,0,0,0
2.24722,0,0,0
2.24822,0,0,0
2.24922,0,0,0
2.25023,0,0,0
2.25123,0,0,0
2.25223,0,0,0
2.25323,0,0,0
2.25423,0,0,0
2.25523,0,0,0
2.25623,0,0,0
2.25723,0,0,0
2.25823,0,0,0
2.25923,0,0,0
2.26023,0,0,0
2.26123,0,0,0
2.26223,0,0,0
2.26323,0,0,0
2.26423,0,0,0
2.26523,0,0,0
2.26623,0,0,0
2.26723,0,0,0
2.26823,0,0,0
2.26923,0,0,0
2.27023,0,0,0
2.27123,0,0,0
2.27223,0,0,0
2.27323,0,0,0
2.27423,0,0,0
2.27523,0,0,0
2.27623,0,0,0
2.27723,0,0,0
2.27823,0,0,0
2.27923,0,0,0
2.28023,0,0,0
2.28123,0,0,0
2.28223,0,0,0
2.28323,0,0,0
2.28423,0,0,0
2.28523,0,0,0
2.28623,0,0,0
2.28723,0,0,0
2.28823,0,0,0
2.28923,0,0,0
2.29023,0,0,0
2.29123,0,0,0
2.29223,0,0,0
2.29323,0,0,0
2.29423,0,0,0
2.29523,0,0,0
2.29623,0,0,0
2.29723,0,0,0
2.29823,0,0,0
2.29923,0,0,0
2.30023,0,0,0
2.30123,0,0,0
2.30223,0,0,0
2.30323,0,0,0
2.30423,0,0,0
2.30523,0,0,0
2.30623,0,0,0
2.30723,0,0,0
2.30823,0,0,0
2.30923,0,0,0
2.31023,0,0,0
2.31123,0,0,0
2.31223,0,0,0
2.31323,0,0,0
2.31423,0,0,0
2.31523,0,0,0
2.31623,0,0,0
2.31723,0,0,0
2.31823,0,0,0
2.31923,0,0,0
2.32023,0,0,0
2.32123,0,0,0
2.32223,0,0,0
2.32323,0,0,0
2.32423,0,0,0
2.32523,0,0,0
2.32623,0,0,0
2.32723,0,0,0
2.32823,0,0,0
2.32923,0,0,0
2.33023,0,0,0
2.33123,0,0,0
2.33223,0,0,0
2.33323,0,0,0
2.33423,0,0,0
2.33523,0,0,0
2.33623,0,0,0
2.33723,0,0,0
2.33823,0,0,0
2.33923,0,0,0
2.34023,0,0,0
2.34123,0,0,0
2.34223,0,0,0
2.34323,0,0,0
2.34423,0,0,0
2.34523,0,0,0
2.34623,0,0,0
2.34723,0,0,0
2.34823,0,0,0
2.34923,0,0,0
2.35024,0,0,0
2.35124,0,0,0
2.35224,0,0,0
2.35324,0,0,0
2.35424,0,0,0
2.35524,0,0,0
2.35624,0,0,0
2.35724,0,0,0
2.35824,0,0,0
2.35924,0,0,0
2.36024,0,0,0
2.36124,0,0,0
2.36224,0,0,0
2.36324,0,0,0
2.36424,0,0,0
2.36524,0,0,0
2.36624,0,0,0
2.36724,0,0,0
2.36824,0,0,0
2.36924,0,0,0
2.37024,0,0,0
2.37124,0,0,0
2.37224,0,0,0
2.37324,0,0,0
2.37424,0,0,0
2.37524,0,0,0
2.37624,0,0,0
2.37724,0,0,0
2.37824,0,0,0
2.37924,0,0,0
2.38024,0,0,0
2.38124,0,0,0
2.38224,0,0,0
2.38324,0,0,0
2.38424,0,0,0
2.38524,0,0,0
2.38624,0,0,0
2.38724,0,0,0
2.38824,0,0,0
2.38924,0,0,0
2.39024,0,0,0
2.39124,0,0,0
2.39224,0,0,0
2.39324,0,0,0
2.39424,0,0,0
2.39524,0,0,0
2.39624,0,0,0
2.39724,0,0,0
2.39824,0,0,0
2.39924,0,0,0
2.40024,0,0,0
2.40124,0,0,0
2.40224,0,0,0
2.40324,0,0,0
2.40424,0,0,0
2.40524,0,0,0
2.40624,0,0,0
2.40724,0,0,0
2.40824,0,0,0
2.40924,0,0,0
2.41024,0,0,0
2.41124,0,0,0
2.41224,0,0,0
2.41324,0,0,0
2.41424,0,0,0
2.41524,0,0,0
2.41624,0,0,0
2.41724,0,0,0
2.41824,0,0,0
2.41924,0,0,0
2.42024,0,0,0
2.42124,0,0,0
2.42224,0,0,0
2.42324,0,0,0
2.42424,0,0,0
2.42524,0,0,0
2.42624,0,0,0
2.42724,0,0,0
2.42824,0,0,0
2.42924,0,0,0
2.43024,0,0,0
2.43124,0,0,0
2.43224,0,0,0
2.43324,0,0,0
2.43424,0,0,0
2.43524,0,0,0
2.43624,0,0,0
2.43724,0,0,0
2.43824,0,0,0
2.43924,0,0,0
2.44024,0,0,0
2.44124,0,0,0
2.44224,0,0,0
2.44324,0,0,0
2.44424,0,0,0
2.44524,0,0,0
2.44624,0,0,0
2.44724,0,0,0
2.44824,0,0,0
2.44924,0,0,0
2.45025,0,0,0
2.45125,0,0,0
2.45225,0,0,0
2.45325,0,0,0
2.45425,0,0,0
2.45525,0,0,0
2.45625,0,0,0
2.45725,0,0,0
2.45825,0,0,0
2.45925,0,0,0
2.46025,0,0,0
2.46125,0,0,0
2.46225,0,0,0
2.46325,0,0,0
2.46425,0,0,0
2.46525,0,0,0
2.46625,0,0,0
2.46725,0,0,0
2.46825,0,0,0
2.46925,0,0,0
2.47025,0,0,0
2.47125,0,0,0
2.47225,0,0,0
2.47325,0,0,0
2.47425,0,0,0
2.47525,0,0,0
2.47625,0,0,0
2.47725,0,0,0
2.47825,0,0,0
2.47925,0,0,0
2.48025,0,0,0
2.48125,0,0,0
2.48225,0,0,0
2.48325,0,0,0
2.48425,0,0,0
2.48525,0,0,0
2.48625,0,0,0
2.48725,0,0,0
2.48825,0,0,0
2.48925,0,0,0
2.49025,0,0,0
2.49125,0,0,0
2.49225,0,0,0
2.49325,0,0,0
2.49425,0,0,0
2.49525,0,0,0
2.49625,0,0,0
2.49725,0,0,0
2.49825,0,0,0
2.49925,0,0,0
2.50025,0,0,0
2.50125,0,0,0
2.50225,0,0,0
2.50325,0,0,0
2.50425,0,0,0
2.50525,0,0,0
2.50625,0,0,0
2.50725,0,0,0
2.50825,0,0,0
2.50925,0,0,0
2.51025,0,0,0
2.51125,0,0,0
2.51225,0,0,0
2.51325,0,0,0
2.51425,0,0,0
2.51525,0,0,0
2.51625,0,0,0
2.51725,0,0,0
2.51825,0,0,0
2.51925,0,0,0
2.52025,0,0,0
2.52125,0,0,0
2.52225,0,0,0
2.52325,0,0,0
2.52425,0,0,0
2.52525,0,0,0
2.52625,0,0,0
2.52725,0,0,0
2.52825,0,0,0
2.52925,0,0,0
2.53025,0,0,0
2.53125,0,0,0
2.53225,0,0,0
2.53325,0,0,0
2.53425,0,0,0
2.53525,0,0,0
2.53625,0,0,0
2.53725,0,0,0
2.53825,0,0,0
2.53925,0,0,0
2.54025,0,0,0
2.54125,0,0,0
2.54225,0,0,0
2.54325,0,0,0
2.54425,0,0,0
2.54525,0,0,0
2.54625,0,0,0
2.54725,0,0,0
2.54825,0,0,0
2.54925,0,0,0
2.55026,0,0,0
2.55126,0,0,0
2.55226,0,0,0
2.55326,0,0,0
2.55426,0,0,0
2.55526,0,0,0
2.55626,0,0,0
2.55726,0,0,0
2.55826,0,0,0
2.55926,0,0,0
2.56026,0,0,0
2.56126,0,0,0
2.56226,0,0,0
2.56326,0,0,0
2.56426,0,0,0
2.56526,0,0,0
2.56626,0,0,0
2.56726,0,0,0
2.56826,0,0,0
2.56926,0,0,0
2.57026,0,0,0
2.57126,0,0,0
2.57226,0,0,0
2.57326,0,0,0
2.57426,0,0,0
2.57526,0,0,0
2.57626,0,0,0
2.57726,0,0,0
2.57826,0,0,0
2.57926,0,0,0
2.58026,0,0,0
2.58126,0,0,0
2.58226,0,0,0
2.58326,0,0,0
2.58426,0,0,0
2.58526,0,0,0
2.58626,0,0,0
2.58726,0,0,0
2.58826,0,0,0
2.58926,0,0,0
2.59026,0,0,0
2.59126,0,0,0
2.59226,0,0,0
2.59326,0,0,0
2.59426,0,0,0
2.59526,0,0,0
2.59626,0,0,0
2.59726,0,0,0
2.59826,0,0,0
2.59926,0,0,0
2.60026,0,0,0
2.60126,0,0,0
2.60226,0,0,0
2.60326,0,0,0
2.60426,0,0,0
2.60526,0,0,0
2.60626,0,0,0
2.60726,0,0,0
2.60826,0,0,0
2.60926,0,0,0
2.61026,0,0,0
2.61126,0,0,0
2.61226,0,0,0
2.61326,0,0,0
2.61426,0,0,0
2.61526,0,0,0
2.61626,0,0,0
2.61726,0,0,0
2.61826,0,0,0
2.61926,0,0,0
2.62026,0,0,0
2.62126,0,0,0
2.62226,0,0,0
2.62326,0,0,0
2.62426,0,0,0
2.62526,0,0,0
2.62626,0,0,0
2.62726,0,0,0
2.62826,0,0,0
2.62926,0,0,0
2.63026,0,0,0
2.63126,0,0,0
2.63226,0,0,0
2.63326,0,0,0
2.63426,0,0,0
2.63526,0,0,0
2.63626,0,0,0
2.63726,0,0,0
2.63826,0,0,0
2.63926,0,0,0
2.64026,0,0,0
2.64126,0,0,0
2.64226,0,0,0
2.64326,0,0,0
2.64426,0,0,0
2.64526,0,0,0
2.64626,0,0,0
2.64726,0,0,0
2.64826,0,0,0
2.64926,0,0,0
2.65027,0,0,0
2.65127,0,0,0
2.65227,0,0,0
2.65327,0,0,0
2.65427,0,0,0
2.65527,0,0,0
2.65627,0,0,0
2.65727,0,0,0
2.65827,0,0,0
2.65927,0,0,0
2.66027,0,0,0
2.66127,0,0,0
2.66227,0,0,0
2.66327,0,0,0
2.66427,0,0,0
2.66527,0,0,0
2.66627,0,0,0
2.66727,0,0,0
2.66827,0,0,0
2.66927,0,0,0
2.67027,0,0,0
2.67127,0,0,0
2.67227,0,0,0
2.67327,0,0,0
2.67427,0,0,0
2.67527,0,0,0
2.67627,0,0,0
2.67727,0,0,0
2.67827,0,0,0
2.67927,0,0,0
2.68027,0,0,0
2.68127,0,0,0
2.68227,0,0,0
2.68327,0,0,0
2.68427,0,0,0
2.68527,0,0,0
2.68627,0,0,0
2.68727,0,0,0
2.68827,0,0,0
2.68927,0,0,0
2.69027,0,0,0
2.69127,0,0,0
2.69227,0,0,0
2.69327,0,0,0
2.69427,0,0,0
2.69527,0,0,0
2.69627,0,0,0
2.69727,0,0,0
2.69827,0,0,0
2.69927,0,0,0
2.70027,0,0,0
2.70127,0,0,0
2.70227,0,0,0
2.70327,0,0,0
2.70427,0,0,0
2.70527,0,0,0
2.70627,0,0,0
2.70727,0,0,0
2.70827,0,0,0
2.70927,0,0,0
2.71027,0,0,0
2.71127,0,0,0
2.71227,0,0,0
2.71327,0,0,0
2.71427,0,0,0
2.71527,0,0,0
2.71627,0,0,0
2.71727,0,0,0
2.71827,0,0,0
2.71927,0,0,0
2.72027,0,0,0
2.72127,0,0,0
2.72227,0,0,0
2.72327,0,0,0
2.72427,0,0,0
2.72527,0,0,0
2.72627,0,0,0
2.72727,0,0,0
2.72827,0,0,0
2.72927,0,0,0
2.73027,0,0,0
2.73127,0,0,0
2.73227,0,0,0
2.73327,0,0,0
2.73427,0,0,0
2.73527,0,0,0
2.73627,0,0,0
2.73727,0,0,0
2.73827,0,0,0
2.73927,0,0,0
2.74027,0,0,0
2.74127,0,0,0
2.74227,0,0,0
2.74327,0,0,0
2.74427,0,0,0
2.74527,0,0,0
2.74627,0,0,0
2.74727,0,0,0
2.74827,0,0,0
2.74927,0,0,0
2.75028,0,0,0
2.75128,0,0,0
2.75228,0,0,0
2.75328,0,0,0
2.75428,0,0,0
2.75528,0,0,0
2.75628,0,0,0
2.75728,0,0,0
2.75828,0,0,0
2.75928,0,0,0
2.76028,0,0,0
2.76128,0,0,0
2.76228,0,0,0
2.76328,0,0,0
2.76428,0,0,0
2.76528,0,0,0
2.76628,0,0,0
2.76728,0,0,0
2.76828,0,0,0
2.76928,0,0,0
2.77028,0,0,0
2.77128,0,0,0
2.77228,0,0,0
2.77328,0,0,0
2.77428,0,0,0
2.77528,0,0,0
2.77628,0,0,0
2.77728,0,0,0
2.77828,0,0,0
2.77928,0,0,0
2.78028,0,0,0
2.78128,0,0,0
2.78228,0,0,0
2.78328,0,0,0
2.78428,0,0,0
2.78528,0,0,0
2.78628,0,0,0
2.78728,0,0,0
2.78828,0,0,0
2.78928,0,0,0
2.79028,0,0,0
2.79128,0,0,0
2.79228,0,0,0
2.79328,0,0,0
2.79428,0,0,0
2.79528,0,0,0
2.79628,0,0,0
2.79728,0,0,0
2.79828,0,0,0
2.79928,0,0,0
2.80028,0,0,0
2.80128,0,0,0
2.80228,0,0,0
2.80328,0,0,0
2.80428,0,0,0
2.80528,0,0,0
2.80628,0,0,0
2.80728,0,0,0
2.80828,0,0,0
2.80928,0,0,0
2.81028,0,0,0
2.81128,0,0,0
2.81228,0,0,0
2.81328,0,0,0
2.81428,0,0,0
2.81528,0,0,0
2.81628,0,0,0
2.81728,0,0,0
2.81828,0,0,0
2.81928,0,0,0
2.82028,0,0,0
2.82128,0,0,0
2.82228,0,0,0
2.82328,0,0,0
2.82428,0,0,0
2.82528,0,0,0
2.82628,0,0,0
2.82728,0,0,0
2.82828,0,0,0
2.82928,0,0,0
2.83028,0,0,0
2.83128,0,0,0
2.83228,0,0,0
2.83328,0,0,0
2.83428,0,0,0
2.83528,0,0,0
2.83628,0,0,0
2.83728,0,0,0
2.83828,0,0,0
2.83928,0,0,0
2.84028,0,0,0
2.84128,0,0,0
2.84228,0,0,0
2.84328,0,0,0
2.84428,0,0,0
2.84528,0,0,0
2.84628,0,0,0
2.84728,0,0,0
2.84828,0,0,0
2.84928,0,0,0
2.85029,0,0,0
2.85129,0,0,0
2.85229,0,0,0
2.85329,0,0,0
2.85429,0,0,0
2.85529,0,0,0
2.85629,0,0,0
2.85729,0,0,0
2.85829,0,0,0
2.85929,0,0,0
2.86029,0,0,0
2.86129,0,0,0
2.86229,0,0,0
2.86329,0,0,0
2.86429,0,0,0
2.86529,0,0,0
2.86629,0,0,0
2.86729,0,0,0
2.86829,0,0,0
2.86929,0,0,0
2.87029,0,0,0
2.87129,0,0,0
2.87229,0,0,0
2.87329,0,0,0
2.87429,0,0,0
2.87529,0,0,0
2.87629,0,0,0
2.87729,0,0,0
2.87829,0,0,0
2.87929,0,0,0
2.88029,0,0,0
2.88129,0,0,0
2.88229,0,0,0
2.88329,0,0,0
2.88429,0,0,0
2.88529,0,0,0
2.88629,0,0,0
2.88729,0,0,0
2.88829,0,0,0
2.88929,0,0,0
2.89029,0,0,0
2.89129,0,0,0
2.89229,0,0,0
2.89329,0,0,0
2.89429,0,0,0
2.89529,0,0,0
2.89629,0,0,0
2.89729,0,0,0
2.89829,0,0,0
2.89929,0,0,0
2.90029,0,0,0
2.90129,0,0,0
2.90229,0,0,0
2.90329,0,0,0
2.90429,0,0,0
2.90529,0,0,0
2.90629,0,0,0
2.90729,0,0,0
2.90829,0,0,0
2.90929,0,0,0
2.91029,0,0,0
2.91129,0,0,0
2.91229,0,0,0
2.91329,0,0,0
2.91429,0,0,0
2.91529,0,0,0
2.91629,0,0,0
2.91729,0,0,0
2.91829,0,0,0
2.91929,0,0,0
2.92029,0,0,0
2.92129,0,0,0
2.92229,0,0,0
2.92329,0,0,0
2.92429,0,0,0
2.92529,0,0,0
2.92629,0,0,0
2.92729,0,0,0
2.92829,0,0,0
2.92929,0,0,0
2.93029,0,0,0
2.93129,0,0,0
2.93229,0,0,0
2.93329,0,0,0
2.93429,0,0,0
2.93529,0,0,0
2.93629,0,0,0
2.93729,0,0,0
2.93829,0,0,0
2.93929,0,0,0
2.94029,0,0,0
2.94129,0,0,0
2.94229,0,0,0
2.94329,0,0,0
2.94429,0,0,0
2.94529,0,0,0
2.94629,0,0,0
2.94729,0,0,0
2.94829,0,0,0
2.94929,0,0,0
2.9503,0,0,0
2.9513,0,0,0
2.9523,0,0,0
2.9533,0,0,0
2.9543,0,0,0
2.9553,0,0,0
2.9563,0,0,0
2.9573,0,0,0
2.9583,0,0,0
2.9593,0,0,0
2.9603,0,0,0
2.9613,0,0,0
2.9623,0,0,0
2.9633,0,0,0
2.9643,0,0,0
2.9653,0,0,0
2.9663,0,0,0
2.9673,0,0,0
2.9683,0,0,0
2.9693,0,0,0
2.9703,0,0,0
2.9713,0,0,0
2.9723,0,0,0
2.9733,0,0,0
2.9743,0,0,0
2.9753,0,0,0
2.9763,0,0,0
2.9773,0,0,0
2.9783,0,0,0
2.9793,0,0,0
2.9803,0,0,0
2.9813,0,0,0
2.9823,0,0,0
2.9833,0,0,0
2.9843,0,0,0
2.9853,0,0,0
2.9863,0,0,0
2.9873,0,0,0
2.9883,0,0,0
2.9893,0,0,0
2.9903,0,0,0
2.9913,0,0,0
2.9923,0,0,0
2.9933,0,0,0
2.9943,0,0,0
2.9953,0,0,0
2.9963,0,0,0
2.9973,0,0,0
2.9983,0,0,0
2.9993,0,0,0
3.0003,0,0,0
3.0013,0,0,0
3.0023,0,0,0
3.0033,0,0,0
3.0043,0,0,0
3.0053,0,0,0
3.0063,0,0,0
3.0073,0,0,0
3.0083,0,0,0
3.0093,0,0,0
3.0103,0,0,0
3.0113,0,0,0
3.0123,0,0,0
3.0133,0,0,0
3.0143,0,0,0
3.0153,0,0,0
3.0163,0,0,0
3.0173,0,0,0
3.0183,0,0,0
3.0193,0,0,0
3.0203,0,0,0
3.0213,0,0,0
3.0223,0,0,0
3.0233,0,0,0
3.0243,0,0,0
3.0253,0,0,0
3.0263,0,0,0
3.0273,0,0,0
3.0283,0,0,0
3.0293,0,0,0
3.0303,0,0,0
3.0313,0,0,0
3.0323,0,0,0
3.0333,0,0,0
3.0343,0,0,0
3.0353,0,0,0
3.0363,0,0,0
3.0373,0,0,0
3.0383,0,0,0
3.0393,0,0,0
3.0403,0,0,0
3.0413,0,0,0
3.0423,0,0,0
3.0433,0,0,0
3.0443,0,0,0
3.0453,0,0,0
3.0463,0,0,0
3.0473,0,0,0
3.0483,0,0,0
3.0493,0,0,0
3.05031,0,0,0
3.05131,0,0,0
3.05231,0,0,0
3.05331,0,0,0
3.05431,0,0,0
3.05531,0,0,0
3.05631,0,0,0
3.05731,0,0,0
3.05831,0,0,0
3.05931,0,0,0
3.06031,0,0,0
3.06131,0,0,0
3.06231,0,0,0
3.06331,0,0,0
3.06431,0,0,0
3.06531,0,0,0
3.06631,0,0,0
3.06731,0,0,0
3.06831,0,0,0
3.06931,0,0,0
3.07031,0,0,0
3.07131,0,0,0
3.07231,0,0,0
3.07331,0,0,0
3.07431,0,0,0
3.07531,0,0,0
3.07631,0,0,0
3.07731,0,0,0
3.07831,0,0,0
3.07931,0,0,0
3.08031,0,0,0
3.08131,0,0,0
3.08231,0,0,0
3.08331,0,0,0
3.08431,0,0,0
3.08531,0,0,0
3.08631,0,0,0
3.08731,0,0,0
3.08831,0,0,0
3.08931,0,0,0
3.09031,0,0,0
3.09131,0,0,0
3.09231,0,0,0
3.09331,0,0,0
3.09431,0,0,0
3.09531,0,0,0
3.09631,0,0,0
3.09731,0,0,0
3.09831,0,0,0
3.09931,0,0,0
3.10031,0,0,0
3.10131,0,0,0
3.10231,0,0,0
3.10331,0,0,0
3.10431,0,0,0
3.10531,0,0,0
3.10631,0,0,0
3.10731,0,0,0
3.10831,0,0,0
3.10931,0,0,0
3.11031,0,0,0
3.11131,0,0,0
3.11231,0,0,0
3.11331,0,0,0
3.11431,0,0,0
3.11531,0,0,0
3.11631,0,0,0
3.11731,0,0,0
3.11831,0,0,0
3.11931,0,0,0
3.12031,0,0,0
3.12131,0,0,0
3.12231,0,0,0
3.12331,0,0,0
3.12431,0,0,0
3.12531,0,0,0
3.12631,0,0,0
3.12731,0,0,0
3.12831,0,0,0
3.12931,0,0,0
3.13031,0,0,0
3.13131,0,0,0
3.13231,0,0,0
3.13331,0,0,0
3.13431,0,0,0
3.13531,0,0,0
3.13631,0,0,0
3.13731,0,0,0
3.13831,0,0,0
3.13931,0,0,0
3.14031,0,0,0
3.14131,0,0,0
3.14231,0,0,0
3.14331,0,0,0
3.14431,0,0,0
3.14531,0,0,0
3.14631,0,0,0
3.14731,0,0,0
3.14831,0,0,0
3.14931,0,0,0
3.15032,0,0,0
3.15132,0,0,0
3.15232,0,0,0
3.15332,0,0,0
3.15432,0,0,0
3.15532,0,0,0
3.15632,0,0,0
3.15732,0,0,0
3.15832,0,0,0
3.15932,0,0,0
3.16032,0,0,0
3.16132,0,0,0
3.16232,0,0,0
3.16332,0,0,0
3.16432,0,0,0
3.16532,0,0,0
3.16632,0,0,0
3.16732,0,0,0
3.16832,0,0,0
3.16932,0,0,0
3.17032,0,0,0
3.17132,0,0,0
3.17232,0,0,0
3.17332,0,0,0
3.17432,0,0,0
3.17532,0,0,0
3.17632,0,0,0
3.17732,0,0,0
3.17832,0,0,0
3.17932,0,0,0
3.18032,0,0,0
3.18132,0,0,0
3.18232,0,0,0
3.18332,0,0,0
3.18432,0,0,0
3.18532,0,0,0
3.18632,0,0,0
3.18732,0,0,0
3.18832,0,0,0
3.18932,0,0,0
3.19032,0,0,0
3.19132,0,0,0
3.19232,0,0,0
3.19332,0,0,0
3.19432,0,0,0
3.19532,0,0,0
3.19632,0,0,0
3.19732,0,0,0
3.19832,0,0,0
3.19932,0,0,0
3.20032,0,0,0
3.20132,0,0,0
3.20232,0,0,0
3.20332,0,0,0
3.20432,0,0,0
3.20532,0,0,0
3.20632,0,0,0
3.20732,0,0,0
3.20832,0,0,0
3.20932,0,0,0
3.21032,0,0,0
3.21132,0,0,0
3.21232,0,0,0
3.21332,0,0,0
3.21432,0,0,0
3.21532,0,0,0
3.21632,0,0,0
3.21732,0,0,0
3.21832,0,0,0
3.21932,0,0,0
3.22032,0,0,0
3.22132,0,0,0
3.22232,0,0,0
3.22332,0,0,0
3.22432,0,0,0
3.22532,0,0,0
3.22632,0,0,0
3.22732,0,0,0
3.22832,0,0,0
3.22932,0,0,0
3.23032,0,0,0
3.23132,0,0,0
3.23232,0,0,0
3.23332,0,0,0
3.23432,0,0,0
3.23532,0,0,0
3.23632,0,0,0
3.23732,0,0,0
3.23832,0,0,0
3.23932,0,0,0
3.24032,0,0,0
3.24132,0,0,0
3.24232,0,0,0
3.24332,0,0,0
3.24432,0,0,0
3.24532,0,0,0
3.24632,0,0,0
3.24732,0,0,0
3.24832,0,0,0
3.24932,0,0,0
3.25033,0,0,0
3.25133,0,0,0
3.25233,0,0,0
3.25333,0,0,0
3.25433,0,0,0
3.25533,0,0,0
3.25633,0,0,0
3.25733,0,0,0
3.25833,0,0,0
3.25933,0,0,0
3.26033,0,0,0
3.26133,0,0,0
3.26233,0,0,0
3.26333,0,0,0
3.26433,0,0,0
3.26533,0,0,0
3.26633,0,0,0
3.26733,0,0,0
3.26833,0,0,0
3.26933,0,0,0
3.27033,0,0,0
3.27133,0,0,0
3.27233,0,0,0
3.27333,0,0,0
3.27433,0,0,0
3.27533,0,0,0
3.27633,0,0,0
3.27733,0,0,0
3.27833,0,0,0
3.27933,0,0,0
3.28033,0,0,0
3.28133,0,0,0
3.28233,0,0,0
3.28333,0,0,0
3.28433,0,0,0
3.28533,0,0,0
3.28633,0,0,0
3.28733,0,0,0
3.28833,0,0,0
3.28933,0,0,0
3.29033,0,0,0
3.29133,0,0,0
3.29233,0,0,0
3.29333,0,0,0
3.29433,0,0,0
3.29533,0,0,0
3.29633,0,0,0
3.29733,0,0,0
3.29833,0,0,0
3.29933,0,0,0
3.30033,0,0,0
3.30133,0,0,0
3.30233,0,0,0
3.30333,0,0,0
3.30433,0,0,0
3.30533,0,0,0
3.30633,0,0,0
3.30733,0,0,0
3.30833,0,0,0
3.30933,0,0,0
3.31033,0,0,0
3.31133,0,0,0
3.31233,0,0,0
3.31333,0,0,0
3.31433,0,0,0
3.31533,0,0,0
3.31633,0,0,0
3.31733,0,0,0
3.31833,0,0,0
3.31933,0,0,0
3.32033,0,0,0
3.32133,0,0,0
3.32233,0,0,0
3.32333,0,0,0
3.32433,0,0,0
3.32533,0,0,0
3.32633,0,0,0
3.32733,0,0,0
3.32833,0,0,0
3.32933,0,0,0
3.33033,0,0,0
3.33133,0,0,0
3.33233,0,0,0
3.33333,0,0,0
3.33433,0,0,0
3.33533,0,0,0
3.33633,0,0,0
3.33733,0,0,0
3.33833,0,0,0
3.33933,0,0,0
3.34033,0,0,0
3.34133,0,0,0
3.34233,0,0,0
3.34333,0,0,0
3.34433,0,0,0
3.34533,0,0,0
3.34633,0,0,0
3.34733,0,0,0
3.34833,0,0,0
3.34933,0,0,0
3.35034,0,0,0
3.35134,0,0,0
3.35234,0,0,0
3.35334,0,0,0
3.35434,0,0,0
3.35534,0,0,0
3.35634,0,0,0
3.35734,0,0,0
3.35834,0,0,0
3.35934,0,0,0
3.36034,0,0,0
3.36134,0,0,0
3.36234,0,0,0
3.36334,0,0,0
3.36434,0,0,0
3.36534,0,0,0
3.36634,0,0,0
3.36734,0,0,0
3.36834,0,0,0
3.36934,0,0,0
3.37034,0,0,0
3.37134,0,0,0
3.37234,0,0,0
3.37334,0,0,0
3.37434,0,0,0
3.37534,0,0,0
3.37634,0,0,0
3.37734,0,0,0
3.37834,0,0,0
3.37934,0,0,0
3.38034,0,0,0
3.38134,0,0,0
3.38234,0,0,0
3.38334,0,0,0
3.38434,0,0,0
3.38534,0,0,0
3.38634,0,0,0
3.38734,0,0,0
3.38834,0,0,0
3.38934,0,0,0
3.39034,0,0,0
3.39134,0,0,0
3.39234,0,0,0
3.39334,0,0,0
3.39434,0,0,0
3.39534,0,0,0
3.39634,0,0,0
3.39734,0,0,0
3.39834,0,0,0
3.39934,0,0,0
3.40034,0,0,0
3.40134,0,0,0
3.40234,0,0,0
3.40334,0,0,0
3.40434,0,0,0
3.40534,0,0,0
3.40634,0,0,0
3.40734,0,0,0
3.40834,0,0,0
3.40934,0,0,0
3.41034,0,0,0
3.41134,0,0,0
3.41234,0,0,0
3.41334,0,0,0
3.41434,0,0,0
3.41534,0,0,0
3.41634,0,0,0
3.41734,0,0,0
3.41834,0,0,0
3.41934,0,0,0
3.42034,0,0,0
3.42134,0,0,0
3.42234,0,0,0
3.42334,0,0,0
3.42434,0,0,0
3.42534,0,0,0
3.42634,0,0,0
3.42734,0,0,0
3.42834,0,0,0
3.42934,0,0,0
3.43034,0,0,0
3.43134,0,0,0
3.43234,0,0,0
3.43334,0,0,0
3.43434,0,0,0
3.43534,0,0,0
3.43634,0,0,0
3.43734,0,0,0
3.43834,0,0,0
3.43934,0,0,0
3.44034,0,0,0
3.44134,0,0,0
3.44234,0,0,0
3.44334,0,0,0
3.44434,0,0,0
3.44534,0,0,0
3.44634,0,0,0
3.44734,0,0,0
3.44834,0,0,0
3.44934,0,0,0
3.45035,0,0,0
3.45135,0,0,0
3.45235,0,0,0
3.45335,0,0,0
3.45435,0,0,0
3.45535,0,0,0
3.45635,0,0,0
3.45735,0,0,0
3.45835,0,0,0
3.45935,0,0,0
3.46035,0,0,0
3.46135,0,0,0
3.46235,0,0,0
3.46335,0,0,0
3.46435,0,0,0
3.46535,0,0,0
3.46635,0,0,0
3.46735,0,0,0
3.46835,0,0,0
3.46935,0,0,0
3.47035,0,0,0
3.47135,0,0,0
3.47235,0,0,0
3.47335,0,0,0
3.47435,0,0,0
3.47535,0,0,0
3.47635,0,0,0
3.47735,0,0,0
3.47835,0,0,0
3.47935,0,0,0
3.48035,0,0,0
3.48135,0,0,0
3.48235,0,0,0
3.48335,0,0,0
3.48435,0,0,0
3.48535,0,0,0
3.48635,0,0,0
3.48735,0,0,0
3.48835,0,0,0
3.48935,0,0,0
3.49035,0,0,0
3.49135,0,0,0
3.49235,0,0,0
3.49335,0,0,0
3.49435,0,0,0
3.49535,0,0,0
3.49635,0,0,0
3.49735,0,0,0
3.49835,0,0,0
3.49935,0,0,0
3.50035,0,0,0
3.50135,0,0,0
3.50235,0,0,0
3.50335,0,0,0
3.50435,0,0,0
3.50535,0,0,0
3.50635,0,0,0
3.50735,0,0,0
3.50835,0,0,0
3.50935,0,0,0
3.51035,0,0,0
3.51135,0,0,0
3.51235,0,0,0
3.51335,0,0,0
3.51435,0,0,0
3.51535,0,0,0
3.51635,0,0,0
3.51735,0,0,0
3.51835,0,0,0
3.51935,0,0,0
3.52035,0,0,0
3.52135,0,0,0
3.52235,0,0,0
3.52335,0,0,0
3.52435,0,0,0
3.52535,0,0,0
3.52635,0,0,0
3.52735,0,0,0
3.52835,0,0,0
3.52935,0,0,0
3.53035,0,0,0
3.53135,0,0,0
3.53235,0,0,0
3.53335,0,0,0
3.53435,0,0,0
3.53535,0,0,0
3.53635,0,0,0
3.53735,0,0,0
3.53835,0,0,0
3.53935,0,0,0
3.54035,0,0,0
3.54135,0,0,0
3.54235,0,0,0
3.54335,0,0,0
3.54435,0,0,0
3.54535,0,0,0
3.54635,0,0,0
3.54735,0,0,0
3.54835,0,0,0
3.54935,0,0,0
3.55036,0,0,0
3.55136,0,0,0
3.55236,0,0,0
3.55336,0,0,0
3.55436,0,0,0
3.55536,0,0,0
3.55636,0,0,0
3.55736,0,0,0
3.55836,0,0,0
3.55936,0,0,0
3.56036,0,0,0
3.56136,0,0,0
3.56236,0,0,0
3.56336,0,0,0
3.56436,0,0,0
3.56536,0,0,0
3.56636,0,0,0
3.56736,0,0,0
3.56836,0,0,0
3.56936,0,0,0
3.57036,0,0,0
3.57136,0,0,0
3.57236,0,0,0
3.57336,0,0,0
3.57436,0,0,0
3.57536,0,0,0
3.57636,0,0,0
3.57736,0,0,0
3.57836,0,0,0
3.57936,0,0,0
3.58036,0,0,0
3.58136,0,0,0
3.58236,0,0,0
3.58336,0,0,0
3.58436,0,0,0
3.58536,0,0,0
3.58636,0,0,0
3.58736,0,0,0
3.58836,0,0,0
3.58936,0,0,0
3.59036,0,0,0
3.59136,0,0,0
3.59236,0,0,0
3.59336,0,0,0
3.59436,0,0,0
3.59536,0,0,0
3.59636,0,0,0
3.59736,0,0,0
3.59836,0,0,0
3.59936,0,0,0
3.60036,0,0,0
3.60136,0,0,0
3.60236,0,0,0
3.60336,0,0,0
3.60436,0,0,0
3.60536,0,0,0
3.60636,0,0,0
3.60736,0,0,0
3.60836,0,0,0
3.60936,0,0,0
3.61036,0,0,0
3.61136,0,0,0
3.61236,0,0,0
3.61336,0,0,0
3.61436,0,0,0
3.61536,0,0,0
3.61636,0,0,0
3.61736,0,0,0
3.61836,0,0,0
3.61936,0,0,0
3.62036,0,0,0
3.62136,0,0,0
3.62236,0,0,0
3.62336,0,0,0
3.62436,0,0,0
3.62536,0,0,0
3.62636,0,0,0
3.62736,0,0,0
3.62836,0,0,0
3.62936,0,0,0
3.63036,0,0,0
3.63136,0,0,0
3.63236,0,0,0
3.63336,0,0,0
3.63436,0,0,0
3.63536,0,0,0
3.63636,0,0,0
3.63736,0,0,0
3.63836,0,0,0
3.63936,0,0,0
3.64036,0,0,0
3.64136,0,0,0
3.64236,0,0,0
3.64336,0,0,0
3.64436,0,0,0
3.64536,0,0,0
3.64636,0,0,0
3.64736,0,0,0
3.64836,0,0,0
3.64936,0,0,0
3.65037,0,0,0
3.65137,0,0,0
3.65237,0,0,0
3.65337,0,0,0
3.65437,0,0,0
3.65537,0,0,0
3.65637,0,0,0
3.65737,0,0,0
3.65837,0,0,0
3.65937,0,0,0
3.66037,0,0,0
3.66137,0,0,0
3.66237,0,0,0
3.66337,0,0,0
3.66437,0,0,0
3.66537,0,0,0
3.66637,0,0,0
3.66737,0,0,0
3.66837,0,0,0
3.66937,0,0,0
3.67037,0,0,0
3.67137,0,0,0
3.67237,0,0,0
3.67337,0,0,0
3.67437,0,0,0
3.67537,0,0,0
3.67637,0,0,0
3.67737,0,0,0
3.67837,0,0,0
3.67937,0,0,0
3.68037,0,0,0
3.68137,0,0,0
3.68237,0,0,0
3.68337,0,0,0
3.68437,0,0,0
3.68537,0,0,0
3.68637,0,0,0
3.68737,0,0,0
3.68837,0,0,0
3.68937,0,0,0
3.69037,0,0,0
3.69137,0,0,0
3.69237,0,0,0
3.69337,0,0,0
3.69437,0,0,0
3.69537,0,0,0
3.69637,0,0,0
3.69737,0,0,0
3.69837,0,0,0
3.69937,0,0,0
3.70037,0,0,0
3.70137,0,0,0
3.70237,0,0,0
3.70337,0,0,0
3.70437,0,0,0
3.70537,0,0,0
3.70637,0,0,0
3.70737,0,0,0
3.70837,0,0,0
3.70937,0,0,0
3.71037,0,0,0
3.71137,0,0,0
3.71237,0,0,0
3.71337,0,0,0
3.71437,0,0,0
3.71537,0,0,0
3.71637,0,0,0
3.71737,0,0,0
3.71837,0,0,0
3.71937,0,0,0
3.72037,0,0,0
3.72137,0,0,0
3.72237,0,0,0
3.72337,0,0,0
3.72437,0,0,0
3.72537,0,0,0
3.72637,0,0,0
3.72737,0,0,0
3.72837,0,0,0
3.72937,0,0,0
3.73037,0,0,0
3.73137,0,0,0
3.73237,0,0,0
3.73337,0,0,0
3.73437,0,0,0
3.73537,0,0,0
3.73637,0,0,0
3.73737,0,0,0
3.73837,0,0,0
3.73937,0,0,0
3.74037,0,0,0
3.74137,0,0,0
3.74237,0,0,0
3.74337,0,0,0
3.74437,0,0,0
3.74537,0,0,0
3.74637,0,0,0
3.74737,0,0,0
3.74837,0,0,0
3.74937,0,0,0
3.75038,0,0,0
3.75138,0,0,0
3.75238,0,0,0
3.75338,0,0,0
3.75438,0,0,0
3.75538,0,0,0
3.75638,0,0,0
3.75738,0,0,0
3.75838,0,0,0
3.75938,0,0,0
3.76038,0,0,0
3.76138,0,0,0
3.76238,0,0,0
3.76338,0,0,0
3.76438,0,0,0
3.76538,0,0,0
3.76638,0,0,0
3.76738,0,0,0
3.76838,0,0,0
3.76938,0,0,0
3.77038,0,0,0
3.77138,0,0,0
3.77238,0,0,0
3.77338,0,0,0
3.77438,0,0,0
3.77538,0,0,0
3.77638,0,0,0
3.77738,0,0,0
3.77838,0,0,0
3.77938,0,0,0
3.78038,0,0,0
3.78138,0,0,0
3.78238,0,0,0
3.78338,0,0,0
3.78438,0,0,0
3.78538,0,0,0
3.78638,0,0,0
3.78738,0,0,0
3.78838,0,0,0
3.78938,0,0,0
3.79038,0,0,0
3.79138,0,0,0
3.79238,0,0,0
3.79338,0,0,0
3.79438,0,0,0
3.79538,0,0,0
3.79638,0,0,0
3.79738,0,0,0
3.79838,0,0,0
3.79938,0,0,0
3.80038,0,0,0
3.80138,0,0,0
3.80238,0,0,0
3.80338,0,0,0
3.80438,0,0,0
3.80538,0,0,0
3.80638,0,0,0
3.80738,0,0,0
3.80838,0,0,0
3.80938,0,0,0
3.81038,0,0,0
3.81138,0,0,0
3.81238,0,0,0
3.81338,0,0,0
3.81438,0,0,0
3.81538,0,0,0
3.81638,0,0,0
3.81738,0,0,0
3.81838,0,0,0
3.81938,0,0,0
3.82038,0,0,0
3.82138,0,0,0
3.82238,0,0,0
3.82338,0,0,0
3.82438,0,0,0
3.82538,0,0,0
3.82638,0,0,0
3.82738,0,0,0
3.82838,0,0,0
3.82938,0,0,0
3.83038,0,0,0
3.83138,0,0,0
3.83238,0,0,0
3.83338,0,0,0
3.83438,0,0,0
3.83538,0,0,0
3.83638,0,0,0
3.83738,0,0,0
3.83838,0,0,0
3.83938,0,0,0
3.84038,0,0,0
3.84138,0,0,0
3.84238,0,0,0
3.84338,0,0,0
3.84438,0,0,0
3.84538,0,0,0
3.84638,0,0,0
3.84738,0,0,0
3.84838,0,0,0
3.84938,0,0,0
3.85039,0,0,0
3.85139,0,0,0
3.85239,0,0,0
3.85339,0,0,0
3.85439,0,0,0
3.85539,0,0,0
3.85639,0,0,0
3.85739,0,0,0
3.85839,0,0,0
3.85939,0,0,0
3.86039,0,0,0
3.86139,0,0,0
3.86239,0,0,0
3.86339,0,0,0
3.86439,0,0,0
3.86539,0,0,0
3.86639,0,0,0
3.86739,0,0,0
3.86839,0,0,0
3.86939,0,0,0
3.87039,0,0,0
3.87139,0,0,0
3.87239,0,0,0
3.87339,0,0,0
3.87439,0,0,0
3.87539,0,0,0
3.87639,0,0,0
3.87739,0,0,0
3.87839,0,0,0
3.87939,0,0,0
3.88039,0,0,0
3.88139,0,0,0
3.88239,0,0,0
3.88339,0,0,0
3.88439,0,0,0
3.88539,0,0,0
3.88639,0,0,0
3.88739,0,0,0
3.88839,0,0,0
3.88939,0,0,0
3.89039,0,0,0
3.89139,0,0,0
3.89239,0,0,0
3.89339,0,0,0
3.89439,0,0,0
3.89539,0,0,0
3.89639,0,0,0
3.89739,0,0,0
3.89839,0,0,0
3.89939,0,0,0
3.90039,0,0,0
3.90139,0,0,0
3.90239,0,0,0
3.90339,0,0,0
3.90439,0,0,0
3.90539,0,0,0
3.90639,0,0,0
3.90739,0,0,0
3.90839,0,0,0
3.90939,0,0,0
3.91039,0,0,0
3.91139,0,0,0
3.91239,0,0,0
3.91339,0,0,0
3.91439,0,0,0
3.91539,0,0,0
3.91639,0,0,0
3.91739,0,0,0
3.91839,0,0,0
3.91939,0,0,0
3.92039,0,0,0
3.92139,0,0,0
3.92239,0,0,0
3.92339,0,0,0
3.92439,0,0,0
3.92539,0,0,0
3.92639,0,0,0
3.92739,0,0,0
3.92839,0,0,0
3.92939,0,0,0
3.93039,0,0,0
3.93139,0,0,0
3.93239,0,0,0
3.93339,0,0,0
3.93439,0,0,0
3.93539,0,0,0
3.93639,0,0,0
3.93739,0,0,0
3.93839,0,0,0
3.93939,0,0,0
3.94039,0,0,0
3.94139,0,0,0
3.94239,0,0,0
3.94339,0,0,0
3.94439,0,0,0
3.94539,0,0,0
3.94639,0,0,0
3.94739,0,0,0
3.94839,0,0,0
3.94939,0,0,0
3.9504,0,0,0
3.9514,0,0,0
3.9524,0,0,0
3.9534,0,0,0
3.9544,0,0,0
3.9554,0,0,0
3.9564,0,0,0
3.9574,0,0,0
3.9584,0,0,0
3.9594,0,0,0
3.9604,0,0,0
3.9614,0,0,0
3.9624,0,0,0
3.9634,0,0,0
3.9644,0,0,0
3.9654,0,0,0
3.9664,0,0,0
3.9674,0,0,0
3.9684,0,0,0
3.9694,0,0,0
3.9704,0,0,0
3.9714,0,0,0
3.9724,0,0,0
3.9734,0,0,0
3.9744,0,0,0
3.9754,0,0,0
3.9764,0,0,0
3.9774,0,0,0
3.9784,0,0,0
3.9794,0,0,0
3.9804,0,0,0
3.9814,0,0,0
3.9824,0,0,0
3.9834,0,0,0
3.9844,0,0,0
3.9854,0,0,0
3.9864,0,0,0
3.9874,0,0,0
3.9884,0,0,0
3.9894,0,0,0
3.9904,0,0,0
3.9914,0,0,0
3.9924,0,0,0
3.9934,0,0,0
3.9944,0,0,0
3.9954,0,0,0
3.9964,0,0,0
3.9974,0,0,0
3.9984,0,0,0
3.9994,0,0,0
4.0004,0,0,0
4.0014,0,0,0
4.0024,0,0,0
4.0034,0,0,0
4.0044,0,0,0
4.0054,0,0,0
4.0064,0,0,0
4.0074,0,0,0
4.0084,0,0,0
4.0094,0,0,0
4.0104,0,0,0
4.0114,0,0,0
4.0124,0,0,0
4.0134,0,0,0
4.0144,0,0,0
4.0154,0,0,0
4.0164,0,0,0
4.0174,0,0,0
4.0184,0,0,0
4.0194,0,0,0
4.0204,0,0,0
4.0214,0,0,0
4.0224,0,0,0
4.0234,0,0,0
4.0244,0,0,0
4.0254,0,0,0
4.0264,0,0,0
4.0274,0,0,0
4.0284,0,0,0
4.0294,0,0,0
4.0304,0,0,0
4.0314,0,0,0
4.0324,0,0,0
4.0334,0,0,0
4.0344,0,0,0
4.0354,0,0,0
4.0364,0,0,0
4.0374,0,0,0
4.0384,0,0,0
4.0394,0,0,0
4.0404,0,0,0
4.0414,0,0,0
4.0424,0,0,0
4.0434,0,0,0
4.0444,0,0,0
4.0454,0,0,0
4.0464,0,0,0
4.0474,0,0,0
4.0484,0,0,0
4.0494,0,0,0
4.05041,0,0,0
4.05141,0,0,0
4.05241,0,0,0
4.05341,0,0,0
4.05441,0,0,0
4.05541,0,0,0
4.05641,0,0,0
4.05741,0,0,0
4.05841,0,0,0
4.05941,0,0,0
4.06041,0,0,0
4.06141,0,0,0
4.06241,0,0,0
4.06341,0,0,0
4.06441,0,0,0
4.06541,0,0,0
4.06641,0,0,0
4.06741,0,0,0
4.06841,0,0,0
4.06941,0,0,0
4.07041,0,0,0
4.07141,0,0,0
4.07241,0,0,0
4.07341,0,0,0
4.07441,0,0,0
4.07541,0,0,0
4.07641,0,0,0
4.07741,0,0,0
4.07841,0,0,0
4.07941,0,0,0
4.08041,0,0,0
4.08141,0,0,0
4.08241,0,0,0
4.08341,0,0,0
4.08441,0,0,0
4.08541,0,0,0
4.08641,0,0,0
4.08741,0,0,0
4.08841,0,0,0
4.08941,0,0,0
4.09041,0,0,0
4.09141,0,0,0
4.09241,0,0,0
4.09341,0,0,0
4.09441,0,0,0
4.09541,0,0,0
4.09641,0,0,0
4.09741,0,0,0
4.09841,0,0,0
4.09941,0,0,0
4.10041,0,0,0
4.10141,0,0,0
4.10241,0,0,0
4.10341,0,0,0
4.10441,0,0,0
4.10541,0,0,0
4.10641,0,0,0
4.10741,0,0,0
4.10841,0,0,0
4.10941,0,0,0
4.11041,0,0,0
4.11141,0,0,0
4.11241,0,0,0
4.11341,0,0,0
4.11441,0,0,0
4.11541,0,0,0
4.11641,0,0,0
4.11741,0,0,0
4.11841,0,0,0
4.11941,0,0,0
4.12041,0,0,0
4.12141,0,0,0
4.12241,0,0,0
4.12341,0,0,0
4.12441,0,0,0
4.12541,0,0,0
4.12641,0,0,0
4.12741,0,0,0
4.12841,0,0,0
4.12941,0,0,0
4.13041,0,0,0
4.13141,0,0,0
4.13241,0,0,0
4.13341,0,0,0
4.13441,0,0,0
4.13541,0,0,0
4.13641,0,0,0
4.13741,0,0,0
4.13841,0,0,0
4.13941,0,0,0
4.14041,0,0,0
4.14141,0,0,0
4.14241,0,0,0
4.14341,0,0,0
4.14441,0,0,0
4.14541,0,0,0
4.14641,0,0,0
4.14741,0,0,0
4.14841,0,0,0
4.14941,0,0,0
4.15042,0,0,0
4.15142,0,0,0
4.15242,0,0,0
4.15342,0,0,0
4.15442,0,0,0
4.15542,0,0,0
4.15642,0,0,0
4.15742,0,0,0
4.15842,0,0,0
4.15942,0,0,0
4.16042,0,0,0
4.16142,0,0,0
4.16242,0,0,0
4.16342,0,0,0
4.16442,0,0,0
4.16542,0,0,0
4.16642,0,0,0
4.16742,0,0,0
4.16842,0,0,0
4.16942,0,0,0
4.17042,0,0,0
4.17142,0,0,0
4.17242,0,0,0
4.17342,0,0,0
4.17442,0,0,0
4.17542,0,0,0
4.17642,0,0,0
4.17742,0,0,0
4.17842,0,0,0
4.17942,0,0,0
4.18042,0,0,0
4.18142,0,0,0
4.18242,0,0,0
4.18342,0,0,0
4.18442,0,0,0
4.18542,0,0,0
4.18642,0,0,0
4.18742,0,0,0
4.18842,0,0,0
4.18942,0,0,0
4.19042,0,0,0
4.19142,0,0,0
4.19242,0,0,0
4.19342,0,0,0
4.19442,0,0,0
4.19542,0,0,0
4.19642,0,0,0
4.19742,0,0,0
4.19842,0,0,0
4.19942,0,0,0
4.20042,0,0,0
4.20142,0,0,0
4.20242,0,0,0
4.20342,0,0,0
4.20442,0,0,0
4.20542,0,0,0
4.20642,0,0,0
4.20742,0,0,0
4.20842,0,0,0
4.20942,0,0,0
4.21042,0,0,0
4.21142,0,0,0
4.21242,0,0,0
4.21342,0,0,0
4.21442,0,0,0
4.21542,0,0,0
4.21642,0,0,0
4.21742,0,0,0
4.21842,0,0,0
4.21942,0,0,0
4.22042,0,0,0
4.22142,0,0,0
4.22242,0,0,0
4.22342,0,0,0
4.22442,0,0,0
4.22542,0,0,0
4.22642,0,0,0
4.22742,0,0,0
4.22842,0,0,0
4.22942,0,0,0
4.23042,0,0,0
4.23142,0,0,0
4.23242,0,0,0
4.23342,0,0,0
4.23442,0,0,0
4.23542,0,0,0
4.23642,0,0,0
4.23742,0,0,0
4.23842,0,0,0
4.23942,0,0,0
4.24042,0,0,0
4.24142,0,0,0
4.24242,0,0,0
4.24342,0,0,0
4.24442,0,0,0
4.24542,0,0,0
4.24642,0,0,0
4.24742,0,0,0
4.24842,0,0,0
4.24942,0,0,0
4.25043,0,0,0
4.25143,0,0,0
4.25243,0,0,0
4.25343,0,0,0
4.25443,0,0,0
4.25543,0,0,0
4.25643,0,0,0
4.25743,0,0,0
4.25843,0,0,0
4.25943,0,0,0
4.26043,0,0,0
4.26143,0,0,0
4.26243,0,0,0
4.26343,0,0,0
4.26443,0,0,0
4.26543,0,0,0
4.26643,0,0,0
4.26743,0,0,0
4.26843,0,0,0
4.26943,0,0,0
4.27043,0,0,0
4.27143,0,0,0
4.27243,0,0,0
4.27343,0,0,0
4.27443,0,0,0
4.27543,0,0,0
4.27643,0,0,0
4.27743,0,0,0
4.27843,0,0,0
4.27943,0,0,0
4.28043,0,0,0
4.28143,0,0,0
4.28243,0,0,0
4.28343,0,0,0
4.28443,0,0,0
4.28543,0,0,0
4.28643,0,0,0
4.28743,0,0,0
4.28843,0,0,0
4.28943,0,0,0
4.29043,0,0,0
4.29143,0,0,0
4.29243,0,0,0
4.29343,0,0,0
4.29443,0,0,0
4.29543,0,0,0
4.29643,0,0,0
4.29743,0,0,0
4.29843,0,0,0
4.29943,0,0,0
4.30043,0,0,0
4.30143,0,0,0
4.30243,0,0,0
4.30343,0,0,0
4.30443,0,0,0
4.30543,0,0,0
4.30643,0,0,0
4.30743,0,0,0
4.30843,0,0,0
4.30943,0,0,0
4.31043,0,0,0
4.31143,0,0,0
4.31243,0,0,0
4.31343,0,0,0
4.31443,0,0,0
4.31543,0,0,0
4.31643,0,0,0
4.31743,0,0,0
4.31843,0,0,0
4.31943,0,0,0
4.32043,0,0,0
4.32143,0,0,0
4.32243,0,0,0
4.32343,0,0,0
4.32443,0,0,0
4.32543,0,0,0
4.32643,0,0,0
4.32743,0,0,0
4.32843,0,0,0
4.32943,0,0,0
4.33043,0,0,0
4.33143,0,0,0
4.33243,0,0,0
4.33343,0,0,0
4.33443,0,0,0
4.33543,0,0,0
4.33643,0,0,0
4.33743,0,0,0
4.33843,0,0,0
4.33943,0,0,0
4.34043,0,0,0
4.34143,0,0,0
4.34243,0,0,0
4.34343,0,0,0
4.34443,0,0,0
4.34543,0,0,0
4.34643,0,0,0
4.34743,0,0,0
4.34843,0,0,0
4.34943,0,0,0
4.35044,0,0,0
4.35144,0,0,0
4.35244,0,0,0
4.35344,0,0,0
4.35444,0,0,0
4.35544,0,0,0
4.35644,0,0,0
4.35744,0,0,0
4.35844,0,0,0
4.35944,0,0,0
4.36044,0,0,0
4.36144,0,0,0
4.36244,0,0,0
4.36344,0,0,0
4.36444,0,0,0
4.36544,0,0,0
4.36644,0,0,0
4.36744,0,0,0
4.36844,0,0,0
4.36944,0,0,0
4.37044,0,0,0
4.37144,0,0,0
4.37244,0,0,0
4.37344,0,0,0
4.37444,0,0,0
4.37544,0,0,0
4.37644,0,0,0
4.37744,0,0,0
4.37844,0,0,0
4.37944,0,0,0
4.38044,0,0,0
4.38144,0,0,0
4.38244,0,0,0
4.38344,0,0,0
4.38444,0,0,0
4.38544,0,0,0
4.38644,0,0,0
4.38744,0,0,0
4.38844,0,0,0
4.38944,0,0,0
4.39044,0,0,0
4.39144,0,0,0
4.39244,0,0,0
4.39344,0,0,0
4.39444,0,0,0
4.39544,0,0,0
4.39644,0,0,0
4.39744,0,0,0
4.39844,0,0,0
4.39944,0,0,0
4.40044,0,0,0
4.40144,0,0,0
4.40244,0,0,0
4.40344,0,0,0
4.40444,0,0,0
4.40544,0,0,0
4.40644,0,0,0
4.40744,0,0,0
4.40844,0,0,0
4.40944,0,0,0
4.41044,0,0,0
4.41144,0,0,0
4.41244,0,0,0
4.41344,0,0,0
4.41444,0,0,0
4.41544,0,0,0
4.41644,0,0,0
4.41744,0,0,0
4.41844,0,0,0
4.41944,0,0,0
4.42044,0,0,0
4.42144,0,0,0
4.42244,0,0,0
4.42344,0,0,0
4.42444,0,0,0
4.42544,0,0,0
4.42644,0,0,0
4.42744,0,0,0
4.42844,0,0,0
4.42944,0,0,0
4.43044,0,0,0
4.43144,0,0,0
4.43244,0,0,0
4.43344,0,0,0
4.43444,0,0,0
4.43544,0,0,0
4.43644,0,0,0
4.43744,0,0,0
4.43844,0,0,0
4.43944,0,0,0
4.44044,0,0,0
4.44144,0,0,0
4.44244,0,0,0
4.44344,0,0,0
4.44444,0,0,0
4.44544,0,0,0
4.44644,0,0,0
4.44744,0,0,0
4.44844,0,0,0
4.44944,0,0,0
4.45045,0,0,0
4.45145,0,0,0
4.45245,0,0,0
4.45345,0,0,0
4.45445,0,0,0
4.45545,0,0,0
4.45645,0,0,0
4.45745,0,0,0
4.45845,0,0,0
4.45945,0,0,0
4.46045,0,0,0
4.46145,0,0,0
4.46245,0,0,0
4.46345,0,0,0
4.46445,0,0,0
4.46545,0,0,0
4.46645,0,0,0
4.46745,0,0,0
4.46845,0,0,0
4.46945,0,0,0
4.47045,0,0,0
4.47145,0,0,0
4.47245,0,0,0
4.47345,0,0,0
4.47445,0,0,0
4.47545,0,0,0
4.47645,0,0,0
4.47745,0,0,0
4.47845,0,0,0
4.47945,0,0,0
4.48045,0,0,0
4.48145,0,0,0
4.48245,0,0,0
4.48345,0,0,0
4.48445,0,0,0
4.48545,0,0,0
4.48645,0,0,0
4.48745,0,0,0
4.48845,0,0,0
4.48945,0,0,0
4.49045,0,0,0
4.49145,0,0,0
4.49245,0,0,0
4.49345,0,0,0
4.49445,0,0,0
4.49545,0,0,0
4.49645,0,0,0
4.49745,0,0,0
4.49845,0,0,0
4.49945,0,0,0
4.50045,0,0,0
4.50145,0,0,0
4.50245,0,0,0
4.50345,0,0,0
4.50445,0,0,0
4.50545,0,0,0
4.50645,0,0,0
4.50745,0,0,0
4.50845,0,0,0
4.50945,0,0,0
4.51045,0,0,0
4.51145,0,0,0
4.51245,0,0,0
4.51345,0,0,0
4.51445,0,0,0
4.51545,0,0,0
4.51645,0,0,0
4.51745,0,0,0
4.51845,0,0,0
4.51945,0,0,0
4.52045,0,0,0
4.52145,0,0,0
4.52245,0,0,0
4.52345,0,0,0
4.52445,0,0,0
4.52545,0,0,0
4.52645,0,0,0
4.52745,0,0,0
4.52845,0,0,0
4.52945,0,0,0
4.53045,0,0,0
4.53145,0,0,0
4.53245,0,0,0
4.53345,0,0,0
4.53445,0,0,0
4.53545,0,0,0
4.53645,0,0,0
4.53745,0,0,0
4.53845,0,0,0
4.53945,0,0,0
4.54045,0,0,0
4.54145,0,0,0
4.54245,0,0,0
4.54345,0,0,0
4.54445,0,0,0
4.54545,0,0,0
4.54645,0,0,0
4.54745,0,0,0
4.54845,0,0,0
4.54945,0,0,0
4.55046,0,0,0
4.55146,0,0,0
4.55246,0,0,0
4.55346,0,0,0
4.55446,0,0,0
4.55546,0,0,0
4.55646,0,0,0
4.55746,0,0,0
4.55846,0,0,0
4.55946,0,0,0
4.56046,0,0,0
4.56146,0,0,0
4.56246,0,0,0
4.56346,0,0,0
4.56446,0,0,0
4.56546,0,0,0
4.56646,0,0,0
4.56746,0,0,0
4.56846,0,0,0
4.56946,0,0,0
4.57046,0,0,0
4.57146,0,0,0
4.57246,0,0,0
4.57346,0,0,0
4.57446,0,0,0
4.57546,0,0,0
4.57646,0,0,0
4.57746,0,0,0
4.57846,0,0,0
4.57946,0,0,0
4.58046,0,0,0
4.58146,0,0,0
4.58246,0,0,0
4.58346,0,0,0
4.58446,0,0,0
4.58546,0,0,0
4.58646,0,0,0
4.58746,0,0,0
4.58846,0,0,0
4.58946,0,0,0
4.59046,0,0,0
4.59146,0,0,0
4.59246,0,0,0
4.59346,0,0,0
4.59446,0,0,0
4.59546,0,0,0
4.59646,0,0,0
4.59746,0,0,0
4.59846,0,0,0
4.59946,0,0,0
4.60046,0,0,0
4.60146,0,0,0
4.60246,0,0,0
4.60346,0,0,0
4.60446,0,0,0
4.60546,0,0,0
4.60646,0,0,0
4.60746,0,0,0
4.60846,0,0,0
4.60946,0,0,0
4.61046,0,0,0
4.61146,0,0,0
4.61246,0,0,0
4.61346,0,0,0
4.61446,0,0,0
4.61546,0,0,0
4.61646,0,0,0
4.61746,0,0,0
4.61846,0,0,0
4.61946,0,0,0
4.62046,0,0,0
4.62146,0,0,0
4.62246,0,0,0
4.62346,0,0,0
4.62446,0,0,0
4.62546,0,0,0
4.62646,0,0,0
4.62746,0,0,0
4.62846,0,0,0
4.62946,0,0,0
4.63046,0,0,0
4.63146,0,0,0
4.63246,0,0,0
4.63346,0,0,0
4.63446,0,0,0
4.63546,0,0,0
4.63646,0,0,0
4.63746,0,0,0
4.63846,0,0,0
4.63946,0,0,0
4.64046,0,0,0
4.64146,0,0,0
4.64246,0,0,0
4.64346,0,0,0
4.64446,0,0,0
4.64546,0,0,0
4.64646,0,0,0
4.64746,0,0,0
4.64846,0,0,0
4.64946,0,0,0
4.65047,0,0,0
4.65147,0,0,0
4.65247,0,0,0
4.65347,0,0,0
4.65447,0,0,0
4.65547,0,0,0
4.65647,0,0,0
4.65747,0,0,0
4.65847,0,0,0
4.65947,0,0,0
4.66047,0,0,0
4.66147,0,0,0
4.66247,0,0,0
4.66347,0,0,0
4.66447,0,0,0
4.66547,0,0,0
4.66647,0,0,0
4.66747,0,0,0
4.66847,0,0,0
4.66947,0,0,0
4.67047,0,0,0
4.67147,0,0,0
4.67247,0,0,0
4.67347,0,0,0
4.67447,0,0,0
4.67547,0,0,0
4.67647,0,0,0
4.67747,0,0,0
4.67847,0,0,0
4.67947,0,0,0
4.68047,0,0,0
4.68147,0,0,0
4.68247,0,0,0
4.68347,0,0,0
4.68447,0,0,0
4.68547,0,0,0
4.68647,0,0,0
4.68747,0,0,0
4.68847,0,0,0
4.68947,0,0,0
4.69047,0,0,0
4.69147,0,0,0
4.69247,0,0,0
4.69347,0,0,0
4.69447,0,0,0
4.69547,0,0,0
4.69647,0,0,0
4.69747,0,0,0
4.69847,0,0,0
4.69947,0,0,0
4.70047,0,0,0
4.70147,0,0,0
4.70247,0,0,0
4.70347,0,0,0
4.70447,0,0,0
4.70547,0,0,0
4.70647,0,0,0
4.70747,0,0,0
4.70847,0,0,0
4.70947,0,0,0
4.71047,0,0,0
4.71147,0,0,0
4.71247,0,0,0
4.71347,0,0,0
4.71447,0,0,0
4.71547,0,0,0
4.71647,0,0,0
4.71747,0,0,0
4.71847,0,0,0
4.71947,0,0,0
4.72047,0,0,0
4.72147,0,0,0
4.72247,0,0,0
4.72347,0,0,0
4.72447,0,0,0
4.72547,0,0,0
4.72647,0,0,0
4.72747,0,0,0
4.72847,0,0,0
4.72947,0,0,0
4.73047,0,0,0
4.73147,0,0,0
4.73247,0,0,0
4.73347,0,0,0
4.73447,0,0,0
4.73547,0,0,0
4.73647,0,0,0
4.73747,0,0,0
4.73847,0,0,0
4.73947,0,0,0
4.74047,0,0,0
4.74147,0,0,0
4.74247,0,0,0
4.74347,0,0,0
4.74447,0,0,0
4.74547,0,0,0
4.74647,0,0,0
4.74747,0,0,0
4.74847,0,0,0
4.74947,0,0,0
4.75048,0,0,0
4.75148,0,0,0
4.75248,0,0,0
4.75348,0,0,0
4.75448,0,0,0
4.75548,0,0,0
4.75648,0,0,0
4.75748,0,0,0
4.75848,0,0,0
4.75948,0,0,0
4.76048,0,0,0
4.76148,0,0,0
4.76248,0,0,0
4.76348,0,0,0
4.76448,0,0,0
4.76548,0,0,0
4.76648,0,0,0
4.76748,0,0,0
4.76848,0,0,0
4.76948,0,0,0
4.77048,0,0,0
4.77148,0,0,0
4.77248,0,0,0
4.77348,0,0,0
4.77448,0,0,0
4.77548,0,0,0
4.77648,0,0,0
4.77748,0,0,0
4.77848,0,0,0
4.77948,0,0,0
4.78048,0,0,0
4.78148,0,0,0
4.78248,0,0,0
4.78348,0,0,0
4.78448,0,0,0
4.78548,0,0,0
4.78648,0,0,0
4.78748,0,0,0
4.78848,0,0,0
4.78948,0,0,0
4.79048,0,0,0
4.79148,0,0,0
4.79248,0,0,0
4.79348,0,0,0
4.79448,0,0,0
4.79548,0,0,0
4.79648,0,0,0
4.79748,0,0,0
4.79848,0,0,0
4.79948,0,0,0
4.80048,0,0,0
4.80148,0,0,0
4.80248,0,0,0
4.80348,0,0,0
4.80448,0,0,0
4.80548,0,0,0
4.80648,0,0,0
4.80748,0,0,0
4.80848,0,0,0
4.80948,0,0,0
4.81048,0,0,0
4.81148,0,0,0
4.81248,0,0,0
4.81348,0,0,0
4.81448,0,0,0
4.81548,0,0,0
4.81648,0,0,0
4.81748,0,0,0
4.81848,0,0,0
4.81948,0,0,0
4.82048,0,0,0
4.82148,0,0,0
4.82248,0,0,0
4.82348,0,0,0
4.82448,0,0,0
4.82548,0,0,0
4.82648,0,0,0
4.82748,0,0,0
4.82848,0,0,0
4.82948,0,0,0
4.83048,0,0,0
4.83148,0,0,0
4.83248,0,0,0
4.83348,0,0,0
4.83448,0,0,0
4.83548,0,0,0
4.83648,0,0,0
4.83748,0,0,0
4.83848,0,0,0
4.83948,0,0,0
4.84048,0,0,0
4.84148,0,0,0
4.84248,0,0,0
4.84348,0,0,0
4.84448,0,0,0
4.84548,0,0,0
4.84648,0,0,0
4.84748,0,0,0
4.84848,0,0,0
4.84948,0,0,0
4.85049,0,0,0
4.85149,0,0,0
4.85249,0,0,0
4.85349,0,0,0
4.85449,0,0,0
4.85549,0,0,0
4.85649,0,0,0
4.85749,0,0,0
4.85849,0,0,0
4.85949,0,0,0
4.86049,0,0,0
4.86149,0,0,0
4.86249,0,0,0
4.86349,0,0,0
4.86449,0,0,0
4.86549,0,0,0
4.86649,0,0,0
4.86749,0,0,0
4.86849,0,0,0
4.86949,0,0,0
4.87049,0,0,0
4.87149,0,0,0
4.87249,0,0,0
4.87349,0,0,0
4.87449,0,0,0
4.87549,0,0,0
4.87649,0,0,0
4.87749,0,0,0
4.87849,0,0,0
4.87949,0,0,0
4.88049,0,0,0
4.88149,0,0,0
4.88249,0,0,0
4.88349,0,0,0
4.88449,0,0,0
4.88549,0,0,0
4.88649,0,0,0
4.88749,0,0,0
4.88849,0,0,0
4.88949,0,0,0
4.89049,0,0,0
4.89149,0,0,0
4.89249,0,0,0
4.89349,0,0,0
4.89449,0,0,0
4.89549,0,0,0
4.89649,0,0,0
4.89749,0,0,0
4.89849,0,0,0
4.89949,0,0,0
4.90049,0,0,0
4.90149,0,0,0
4.90249,0,0,0
4.90349,0,0,0
4.90449,0,0,0
4.90549,0,0,0
4.90649,0,0,0
4.90749,0,0,0
4.90849,0,0,0
4.90949,0,0,0
4.91049,0,0,0
4.91149,0,0,0
4.91249,0,0,0
4.91349,0,0,0
4.91449,0,0,0
4.91549,0,0,0
4.91649,0,0,0
4.91749,0,0,0
4.91849,0,0,0
4.91949,0,0,0
4.92049,0,0,0
4.92149,0,0,0
4.92249,0,0,0
4.92349,0,0,0
4.92449,0,0,0
4.92549,0,0,0
4.92649,0,0,0
4.92749,0,0,0
4.92849,0,0,0
4.92949,0,0,0
4.93049,0,0,0
4.93149,0,0,0
4.93249,0,0,0
4.93349,0,0,0
4.93449,0,0,0
4.93549,0,0,0
4.93649,0,0,0
4.93749,0,0,0
4.93849,0,0,0
4.93949,0,0,0
4.94049,0,0,0
4.94149,0,0,0
4.94249,0,0,0
4.94349,0,0,0
4.94449,0,0,0
4.94549,0,0,0
4.94649,0,0,0
4.94749,0,0,0
4.94849,0,0,0
4.94949,0,0,0
4.9505,0,0,0
4.9515,0,0,0
4.9525,0,0,0
4.9535,0,0,0
4.9545,0,0,0
4.9555,0,0,0
4.9565,0,0,0
4.9575,0,0,0
4.9585,0,0,0
4.9595,0,0,0
4.9605,0,0,0
4.9615,0,0,0
4.9625,0,0,0
4.9635,0,0,0
4.9645,0,0,0
4.9655,0,0,0
4.9665,0,0,0
4.9675,0,0,0
4.9685,0,0,0
4.9695,0,0,0
4.9705,0,0,0
4.9715,0,0,0
4.9725,0,0,0
4.9735,0,0,0
4.9745,0,0,0
4.9755,0,0,0
4.9765,0,0,0
4.9775,0,0,0
4.9785,0,0,0
4.9795,0,0,0
4.9805,0,0,0
4.9815,0,0,0
4.9825,0,0,0
4.9835,0,0,0
4.9845,0,0,0
4.9855,0,0,0
4.9865,0,0,0
4.9875,0,0,0
4.9885,0,0,0
4.9895,0,0,0
4.9905,0,0,0
4.9915,0,0,0
4.9925,0,0,0
4.9935,0,0,0
4.9945,0,0,0
4.9955,0,0,0
4.9965,0,0,0
4.9975,0,0,0
4.9985,0,0,0
4.9995,0,0,0
5.0005,0,0,0
5.0015,0,0,0
5.0025,0,0,0
5.0035,0,0,0
5.0045,0,0,0
5.0055,0,0,0
5.0065,0,0,0
5.0075,0,0,0
5.0085,0,0,0
5.0095,0,0,0
5.0105,0,0,0
5.0115,0,0,0
5.0125,0,0,0
5.0135,0,0,0
5.0145,0,0,0
5.0155,0,0,0
5.0165,0,0,0
5.0175,0,0,0
5.0185,0,0,0
5.0195,0,0,0
5.0205,0,0,0
5.0215,0,0,0
5.0225,0,0,0
5.0235,0,0,0
5.0245,0,0,0
5.0255,0,0,0
5.0265,0,0,0
5.0275,0,0,0
5.0285,0,0,0
5.0295,0,0,0
5.0305,0,0,0
5.0315,0,0,0
5.0325,0,0,0
5.0335,0,0,0
5.0345,0,0,0
5.0355,0,0,0
5.0365,0,0,0
5.0375,0,0,0
5.0385,0,0,0
5.0395,0,0,0
5.0405,0,0,0
5.0415,0,0,0
5.0425,0,0,0
5.0435,0,0,0
5.0445,0,0,0
5.0455,0,0,0
5.0465,0,0,0
5.0475,0,0,0
5.0485,0,0,0
5.0495,0,0,0
5.05051,0,0,0
5.05151,0,0,0
5.05251,0,0,0
5.05351,0,0,0
5.05451,0,0,0
5.05551,0,0,0
5.05651,0,0,0
5.05751,0,0,0
5.05851,0,0,0
5.05951,0,0,0
5.06051,0,0,0
5.06151,0,0,0
5.06251,0,0,0
5.06351,0,0,0
5.06451,0,0,0
5.06551,0,0,0
5.06651,0,0,0
5.06751,0,0,0
5.06851,0,0,0
5.06951,0,0,0
5.07051,0,0,0
5.07151,0,0,0
5.07251,0,0,0
5.07351,0,0,0
5.07451,0,0,0
5.07551,0,0,0
5.07651,0,0,0
5.07751,0,0,0
5.07851,0,0,0
5.07951,0,0,0
5.08051,0,0,0
5.08151,0,0,0
5.08251,0,0,0
5.08351,0,0,0
5.08451,0,0,0
5.08551,0,0,0
5.08651,0,0,0
5.08751,0,0,0
5.08851,0,0,0
5.08951,0,0,0
5.09051,0,0,0
5.09151,0,0,0
5.09251,0,0,0
5.09351,0,0,0
5.09451,0,0,0
5.09551,0,0,0
5.09651,0,0,0
5.09751,0,0,0
5.09851,0,0,0
5.09951,0,0,0
5.10051,0,0,0
5.10151,0,0,0
5.10251,0,0,0
5.10351,0,0,0
5.10451,0,0,0
5.10551,0,0,0
5.10651,0,0,0
5.10751,0,0,0
5.10851,0,0,0
5.10951,0,0,0
5.11051,0,0,0
5.11151,0,0,0
5.11251,0,0,0
5.11351,0,0,0
5.11451,0,0,0
5.11551,0,0,0
5.11651,0,0,0
5.11751,0,0,0
5.11851,0,0,0
5.11951,0,0,0
5.12051,0,0,0
5.12151,0,0,0
5.12251,0,0,0
5.12351,0,0,0
5.12451,0,0,0
5.12551,0,0,0
5.12651,0,0,0
5.12751,0,0,0
5.12851,0,0,0
5.12951,0,0,0
5.13051,0,0,0
5.13151,0,0,0
5.13251,0,0,0
5.13351,0,0,0
5.13451,0,0,0
5.13551,0,0,0
5.13651,0,0,0
5.13751,0,0,0
5.13851,0,0,0
5.13951,0,0,0
5.14051,0,0,0
5.14151,0,0,0
5.14251,0,0,0
5.14351,0,0,0
5.14451,0,0,0
5.14551,0,0,0
5.14651,0,0,0
5.14751,0,0,0
5.14851,0,0,0
5.14951,0,0,0
5.15052,0,0,0
5.15152,0,0,0
5.15252,0,0,0
5.15352,0,0,0
5.15452,0,0,0
5.15552,0,0,0
5.15652,0,0,0
5.15752,0,0,0
5.15852,0,0,0
5.15952,0,0,0
5.16052,0,0,0
5.16152,0,0,0
5.16252,0,0,0
5.16352,0,0,0
5.16452,0,0,0
5.16552,0,0,0
5.16652,0,0,0
5.16752,0,0,0
5.16852,0,0,0
5.16952,0,0,0
5.17052,0,0,0
5.17152,0,0,0
5.17252,0,0,0
5.17352,0,0,0
5.17452,0,0,0
5.17552,0,0,0
5.17652,0,0,0
5.17752,0,0,0
5.17852,0,0,0
5.17952,0,0,0
5.18052,0,0,0
5.18152,0,0,0
5.18252,0,0,0
5.18352,0,0,0
5.18452,0,0,0
5.18552,0,0,0
5.18652,0,0,0
5.18752,0,0,0
5.18852,0,0,0
5.18952,0,0,0
5.19052,0,0,0
5.19152,0,0,0
5.19252,0,0,0
5.19352,0,0,0
5.19452,0,0,0
5.19552,0,0,0
5.19652,0,0,0
5.19752,0,0,0
5.19852,0,0,0
5.19952,0,0,0
5.20052,0,0,0
5.20152,0,0,0
5.20252,0,0,0
5.20352,0,0,0
5.20452,0,0,0
5.20552,0,0,0
5.20652,0,0,0
5.20752,0,0,0
5.20852,0,0,0
5.20952,0,0,0
5.21052,0,0,0
5.21152,0,0,0
5.21252,0,0,0
5.21352,0,0,0
5.21452,0,0,0
5.21552,0,0,0
5.21652,0,0,0
5.21752,0,0,0
5.21852,0,0,0
5.21952,0,0,0
5.22052,0,0,0
5.22152,0,0,0
5.22252,0,0,0
5.22352,0,0,0
5.22452,0,0,0
5.22552,0,0,0
5.22652,0,0,0
5.22752,0,0,0
5.22852,0,0,0
5.22952,0,0,0
5.23052,0,0,0
5.23152,0,0,0
5.23252,0,0,0
5.23352,0,0,0
5.23452,0,0,0
5.23552,0,0,0
5.23652,0,0,0
5.23752,0,0,0
5.23852,0,0,0
5.23952,0,0,0
5.24052,0,0,0
5.24152,0,0,0
5.24252,0,0,0
5.24352,0,0,0
5.24452,0,0,0
5.24552,0,0,0
5.24652,0,0,0
5.24752,0,0,0
5.24852,0,0,0
5.24952,0,0,0
5.25053,0,0,0
5.25153,0,0,0
5.25253,0,0,0
5.25353,0,0,0
5.25453,0,0,0
5.25553,0,0,0
5.25653,0,0,0
5.25753,0,0,0
5.25853,0,0,0
5.25953,0,0,0
5.26053,0,0,0
5.26153,0,0,0
5.26253,0,0,0
5.26353,0,0,0
5.26453,0,0,0
5.26553,0,0,0
5.26653,0,0,0
5.26753,0,0,0
5.26853,0,0,0
5.26953,0,0,0
5.27053,0,0,0
5.27153,0,0,0
5.27253,0,0,0
5.27353,0,0,0
5.27453,0,0,0
5.27553,0,0,0
5.27653,0,0,0
5.27753,0,0,0
5.27853,0,0,0
5.27953,0,0,0
5.28053,0,0,0
5.28153,0,0,0
5.28253,0,0,0
5.28353,0,0,0
5.28453,0,0,0
5.28553,0,0,0
5.28653,0,0,0
5.28753,0,0,0
5.28853,0,0,0
5.28953,0,0,0
5.29053,0,0,0
5.29153,0,0,0
5.29253,0,0,0
5.29353,0,0,0
5.29453,0,0,0
5.29553,0,0,0
5.29653,0,0,0
5.29753,0,0,0
5.29853,0,0,0
5.29953,0,0,0
5.30053,0,0,0
5.30153,0,0,0
5.30253,0,0,0
5.30353,0,0,0
5.30453,0,0,0
5.30553,0,0,0
5.30653,0,0,0
5.30753,0,0,0
5.30853,0,0,0
5.30953,0,0,0
5.31053,0,0,0
5.31153,0,0,0
5.31253,0,0,0
5.31353,0,0,0
5.31453,0,0,0
5.31553,0,0,0
5.31653,0,0,0
5.31753,0,0,0
5.31853,0,0,0
5.31953,0,0,0
5.32053,0,0,0
5.32153,0,0,0
5.32253,0,0,0
5.32353,0,0,0
5.32453,0,0,0
5.32553,0,0,0
5.32653,0,0,0
5.32753,0,0,0
5.32853,0,0,0
5.32953,0,0,0
5.33053,0,0,0
5.33153,0,0,0
5.33253,0,0,0
5.33353,0,0,0
5.33453,0,0,0
5.33553,0,0,0
5.33653,0,0,0
5.33753,0,0,0
5.33853,0,0,0
5.33953,0,0,0
5.34053,0,0,0
5.34153,0,0,0
5.34253,0,0,0
5.34353,0,0,0
5.34453,0,0,0
5.34553,0,0,0
5.34653,0,0,0
5.34753,0,0,0
5.34853,0,0,0
5.34953,0,0,0
5.35054,0,0,0
5.35154,0,0,0
5.35254,0,0,0
5.35354,0,0,0
5.35454,0,0,0
5.35554,0,0,0
5.35654,0,0,0
5.35754,0,0,0
5.35854,0,0,0
5.35954,0,0,0
5.36054,0,0,0
5.36154,0,0,0
5.36254,0,0,0
5.36354,0,0,0
5.36454,0,0,0
5.36554,0,0,0
5.36654,0,0,0
5.36754,0,0,0
5.36854,0,0,0
5.36954,0,0,0
5.37054,0,0,0
5.37154,0,0,0
5.37254,0,0,0
5.37354,0,0,0
5.37454,0,0,0
5.37554,0,0,0
5.37654,0,0,0
5.37754,0,0,0
5.37854,0,0,0
5.37954,0,0,0
5.38054,0,0,0
5.38154,0,0,0
5.38254,0,0,0
5.38354,0,0,0
5.38454,0,0,0
5.38554,0,0,0
5.38654,0,0,0
5.38754,0,0,0
5.38854,0,0,0
5.38954,0,0,0
5.39054,0,0,0
5.39154,0,0,0
5.39254,0,0,0
5.39354,0,0,0
5.39454,0,0,0
5.39554,0,0,0
5.39654,0,0,0
5.39754,0,0,0
5.39854,0,0,0
5.39954,0,0,0
5.40054,0,0,0
5.40154,0,0,0
5.40254,0,0,0
5.40354,0,0,0
5.40454,0,0,0
5.40554,0,0,0
5.40654,0,0,0
5.40754,0,0,0
5.40854,0,0,0
5.40954,0,0,0
5.41054,0,0,0
5.41154,0,0,0
5.41254,0,0,0
5.41354,0,0,0
5.41454,0,0,0
5.41554,0,0,0
5.41654,0,0,0
5.41754,0,0,0
5.41854,0,0,0
5.41954,0,0,0
5.42054,0,0,0
5.42154,0,0,0
5.42254,0,0,0
5.42354,0,0,0
5.42454,0,0,0
5.42554,0,0,0
5.42654,0,0,0
5.42754,0,0,0
5.42854,0,0,0
5.42954,0,0,0
5.43054,0,0,0
5.43154,0,0,0
5.43254,0,0,0
5.43354,0,0,0
5.43454,0,0,0
5.43554,0,0,0
5.43654,0,0,0
5.43754,0,0,0
5.43854,0,0,0
5.43954,0,0,0
5.44054,0,0,0
5.44154,0,0,0
5.44254,0,0,0
5.44354,0,0,0
5.44454,0,0,0
5.44554,0,0,0
5.44654,0,0,0
5.44754,0,0,0
5.44854,0,0,0
5.44954,0,0,0
5.45055,0,0,0
5.45155,0,0,0
5.45255,0,0,0
5.45355,0,0,0
5.45455,0,0,0
5.45555,0,0,0
5.45655,0,0,0
5.45755,0,0,0
5.45855,0,0,0
5.45955,0,0,0
5.46055,0,0,0
5.46155,0,0,0
5.46255,0,0,0
5.46355,0,0,0
5.46455,0,0,0
5.46555,0,0,0
5.46655,0,0,0
5.46755,0,0,0
5.46855,0,0,0
5.46955,0,0,0
5.47055,0,0,0
5.47155,0,0,0
5.47255,0,0,0
5.47355,0,0,0
5.47455,0,0,0
5.47555,0,0,0
5.47655,0,0,0
5.47755,0,0,0
5.47855,0,0,0
5.47955,0,0,0
5.48055,0,0,0
5.48155,0,0,0
5.48255,0,0,0
5.48355,0,0,0
5.48455,0,0,0
5.48555,0,0,0
5.48655,0,0,0
5.48755,0,0,0
5.48855,0,0,0
5.48955,0,0,0
5.49055,0,0,0
5.49155,0,0,0
5.49255,0,0,0
5.49355,0,0,0
5.49455,0,0,0
5.49555,0,0,0
5.49655,0,0,0
5.49755,0,0,0
5.49855,0,0,0
5.49955,0,0,0
5.50055,0,0,0
5.50155,0,0,0
5.50255,0,0,0
5.50355,0,0,0
5.50455,0,0,0
5.50555,0,0,0
5.50655,0,0,0
5.50755,0,0,0
5.50855,0,0,0
5.50955,0,0,0
5.51055,0,0,0
5.51155,0,0,0
5.51255,0,0,0
5.51355,0,0,0
5.51455,0,0,0
5.51555,0,0,0
5.51655,0,0,0
5.51755,0,0,0
5.51855,0,0,0
5.51955,0,0,0
5.52055,0,0,0
5.52155,0,0,0
5.52255,0,0,0
5.52355,0,0,0
5.52455,0,0,0
5.52555,0,0,0
5.52655,0,0,0
5.52755,0,0,0
5.52855,0,0,0
5.52955,0,0,0
5.53055,0,0,0
5.53155,0,0,0
5.53255,0,0,0
5.53355,0,0,0
5.53455,0,0,0
5.53555,0,0,0
5.53655,0,0,0
5.53755,0,0,0
5.53855,0,0,0
5.53955,0,0,0
5.54055,0,0,0
5.54155,0,0,0
5.54255,0,0,0
5.54355,0,0,0
5.54455,0,0,0
5.54555,0,0,0
5.54655,0,0,0
5.54755,0,0,0
5.54855,0,0,0
5.54955,0,0,0
5.55056,0,0,0
5.55156,0,0,0
5.55256,0,0,0
5.55356,0,0,0
5.55456,0,0,0
5.55556,0,0,0
5.55656,0,0,0
5.55756,0,0,0
5.55856,0,0,0
5.55956,0,0,0
5.56056,0,0,0
5.56156,0,0,0
5.56256,0,0,0
5.56356,0,0,0
5.56456,0,0,0
5.56556,0,0,0
5.56656,0,0,0
5.56756,0,0,0
5.56856,0,0,0
5.56956,0,0,0
5.57056,0,0,0
5.57156,0,0,0
5.57256,0,0,0
5.57356,0,0,0
5.57456,0,0,0
5.57556,0,0,0
5.57656,0,0,0
5.57756,0,0,0
5.57856,0,0,0
5.57956,0,0,0
5.58056,0,0,0
5.58156,0,0,0
5.58256,0,0,0
5.58356,0,0,0
5.58456,0,0,0
5.58556,0,0,0
5.58656,0,0,0
5.58756,0,0,0
5.58856,0,0,0
5.58956,0,0,0
5.59056,0,0,0
5.59156,0,0,0
5.59256,0,0,0
5.59356,0,0,0
5.59456,0,0,0
5.59556,0,0,0
5.59656,0,0,0
5.59756,0,0,0
5.59856,0,0,0
5.59956,0,0,0
5.60056,0,0,0
5.60156,0,0,0
5.60256,0,0,0
5.60356,0,0,0
5.60456,0,0,0
5.60556,0,0,0
5.60656,0,0,0
5.60756,0,0,0
5.60856,0,0,0
5.60956,0,0,0
5.61056,0,0,0
5.61156,0,0,0
5.61256,0,0,0
5.61356,0,0,0
5.61456,0,0,0
5.61556,0,0,0
5.61656,0,0,0
5.61756,0,0,0
5.61856,0,0,0
5.61956,0,0,0
5.62056,0,0,0
5.62156,0,0,0
5.62256,0,0,0
5.62356,0,0,0
5.62456,0,0,0
5.62556,0,0,0
5.62656,0,0,0
5.62756,0,0,0
5.62856,0,0,0
5.62956,0,0,0
5.63056,0,0,0
5.63156,0,0,0
5.63256,0,0,0
5.63356,0,0,0
5.63456,0,0,0
5.63556,0,0,0
5.63656,0,0,0
5.63756,0,0,0
5.63856,0,0,0
5.63956,0,0,0
5.64056,0,0,0
5.64156,0,0,0
5.64256,0,0,0
5.64356,0,0,0
5.64456,0,0,0
5.64556,0,0,0
5.64656,0,0,0
5.64756,0,0,0
5.64856,0,0,0
5.64956,0,0,0
5.65057,0,0,0
5.65157,0,0,0
5.65257,0,0,0
5.65357,0,0,0
5.65457,0,0,0
5.65557,0,0,0
5.65657,0,0,0
5.65757,0,0,0
5.65857,0,0,0
5.65957,0,0,0
5.66057,0,0,0
5.66157,0,0,0
5.66257,0,0,0
5.66357,0,0,0
5.66457,0,0,0
5.66557,0,0,0
5.66657,0,0,0
5.66757,0,0,0
5.66857,0,0,0
5.66957,0,0,0
5.67057,0,0,0
5.67157,0,0,0
5.67257,0,0,0
5.67357,0,0,0
5.67457,0,0,0
5.67557,0,0,0
5.67657,0,0,0
5.67757,0,0,0
5.67857,0,0,0
5.67957,0,0,0
5.68057,0,0,0
5.68157,0,0,0
5.68257,0,0,0
5.68357,0,0,0
5.68457,0,0,0
5.68557,0,0,0
5.68657,0,0,0
5.68757,0,0,0
5.68857,0,0,0
5.68957,0,0,0
5.69057,0,0,0
5.69157,0,0,0
5.69257,0,0,0
5.69357,0,0,0
5.69457,0,0,0
5.69557,0,0,0
5.69657,0,0,0
5.69757,0,0,0
5.69857,0,0,0
5.69957,0,0,0
5.70057,0,0,0
5.70157,0,0,0
5.70257,0,0,0
5.70357,0,0,0
5.70457,0,0,0
5.70557,0,0,0
5.70657,0,0,0
5.70757,0,0,0
5.70857,0,0,0
5.70957,0,0,0
5.71057,0,0,0
5.71157,0,0,0
5.71257,0,0,0
5.71357,0,0,0
5.71457,0,0,0
5.71557,0,0,0
5.71657,0,0,0
5.71757,0,0,0
5.71857,0,0,0
5.71957,0,0,0
5.72057,0,0,0
5.72157,0,0,0
5.72257,0,0,0
5.72357,0,0,0
5.72457,0,0,0
5.72557,0,0,0
5.72657,0,0,0
5.72757,0,0,0
5.72857,0,0,0
5.72957,0,0,0
5.73057,0,0,0
5.73157,0,0,0
5.73257,0,0,0
5.73357,0,0,0
5.73457,0,0,0
5.73557,0,0,0
5.73657,0,0,0
5.73757,0,0,0
5.73857,0,0,0
5.73957,0,0,0
5.74057,0,0,0
5.74157,0,0,0
5.74257,0,0,0
5.74357,0,0,0
5.74457,0,0,0
5.74557,0,0,0
5.74657,0,0,0
5.74757,0,0,0
5.74857,0,0,0
5.74957,0,0,0
5.75058,0,0,0
5.75158,0,0,0
5.75258,0,0,0
5.75358,0,0,0
5.75458,0,0,0
5.75558,0,0,0
5.75658,0,0,0
5.75758,0,0,0
5.75858,0,0,0
5.75958,0,0,0
5.76058,0,0,0
5.76158,0,0,0
5.76258,0,0,0
5.76358,0,0,0
5.76458,0,0,0
5.76558,0,0,0
5.76658,0,0,0
5.76758,0,0,0
5.76858,0,0,0
5.76958,0,0,0
5.77058,0,0,0
5.77158,0,0,0
5.77258,0,0,0
5.77358,0,0,0
5.77458,0,0,0
5.77558,0,0,0
5.77658,0,0,0
5.77758,0,0,0
5.77858,0,0,0
5.77958,0,0,0
5.78058,0,0,0
5.78158,0,0,0
5.78258,0,0,0
5.78358,0,0,0
5.78458,0,0,0
5.78558,0,0,0
5.78658,0,0,0
5.78758,0,0,0
5.78858,0,0,0
5.78958,0,0,0
5.79058,0,0,0
5.79158,0,0,0
5.79258,0,0,0
5.79358,0,0,0
5.79458,0,0,0
5.79558,0,0,0
5.79658,0,0,0
5.79758,0,0,0
5.79858,0,0,0
5.79958,0,0,0
5.80058,0,0,0
5.80158,0,0,0
5.80258,0,0,0
5.80358,0,0,0
5.80458,0,0,0
5.80558,0,0,0
5.80658,0,0,0
5.80758,0,0,0
5.80858,0,0,0
5.80958,0,0,0
5.81058,0,0,0
5.81158,0,0,0
5.81258,0,0,0
5.81358,0,0,0
5.81458,0,0,0
5.81558,0,0,0
5.81658,0,0,0
5.81758,0,0,0
5.81858,0,0,0
5.81958,0,0,0
5.82058,0,0,0
5.82158,0,0,0
5.82258,0,0,0
5.82358,0,0,0
5.82458,0,0,0
5.82558,0,0,0
5.82658,0,0,0
5.82758,0,0,0
5.82858,0,0,0
5.82958,0,0,0
5.83058,0,0,0
5.83158,0,0,0
5.83258,0,0,0
5.83358,0,0,0
5.83458,0,0,0
5.83558,0,0,0
5.83658,0,0,0
5.83758,0,0,0
5.83858,0,0,0
5.83958,0,0,0
5.84058,0,0,0
5.84158,0,0,0
5.84258,0,0,0
5.84358,0,0,0
5.84458,0,0,0
5.84558,0,0,0
5.84658,0,0,0
5.84758,0,0,0
5.84858,0,0,0
5.84958,0,0,0
5.85059,0,0,0
5.85159,0,0,0
5.85259,0,0,0
5.85359,0,0,0
5.85459,0,0,0
5.85559,0,0,0
5.85659,0,0,0
5.85759,0,0,0
5.85859,0,0,0
5.85959,0,0,0
5.86059,0,0,0
5.86159,0,0,0
5.86259,0,0,0
5.86359,0,0,0
5.86459,0,0,0
5.86559,0,0,0
5.86659,0,0,0
5.86759,0,0,0
5.86859,0,0,0
5.86959,0,0,0
5.87059,0,0,0
5.87159,0,0,0
5.87259,0,0,0
5.87359,0,0,0
5.87459,0,0,0
5.87559,0,0,0
5.87659,0,0,0
5.87759,0,0,0
5.87859,0,0,0
5.87959,0,0,0
5.88059,0,0,0
5.88159,0,0,0
5.88259,0,0,0
5.88359,0,0,0
5.88459,0,0,0
5.88559,0,0,0
5.88659,0,0,0
5.88759,0,0,0
5.88859,0,0,0
5.88959,0,0,0
5.89059,0,0,0
5.89159,0,0,0
5.89259,0,0,0
5.89359,0,0,0
5.89459,0,0,0
5.89559,0,0,0
5.89659,0,0,0
5.89759,0,0,0
5.89859,0,0,0
5.89959,0,0,0
5.90059,0,0,0
5.90159,0,0,0
5.90259,0,0,0
5.90359,0,0,0
5.90459,0,0,0
5.90559,0,0,0
5.90659,0,0,0
5.90759,0,0,0
5.90859,0,0,0
5.90959,0,0,0
5.91059,0,0,0
5.91159,0,0,0
5.91259,0,0,0
5.91359,0,0,0
5.91459,0,0,0
5.91559,0,0,0
5.91659,0,0,0
5.91759,0,0,0
5.91859,0,0,0
5.91959,0,0,0
5.92059,0,0,0
5.92159,0,0,0
5.92259,0,0,0
5.92359,0,0,0
5.92459,0,0,0
5.92559,0,0,0
5.92659,0,0,0
5.92759,0,0,0
5.92859,0,0,0
5.92959,0,0,0
5.93059,0,0,0
5.93159,0,0,0
5.93259,0,0,0
5.93359,0,0,0
5.93459,0,0,0
5.93559,0,0,0
5.93659,0,0,0
5.93759,0,0,0
5.93859,0,0,0
5.93959,0,0,0
5.94059,0,0,0
5.94159,0,0,0
5.94259,0,0,0
5.94359,0,0,0
5.94459,0,0,0
5.94559,0,0,0
5.94659,0,0,0
5.94759,0,0,0
5.94859,0,0,0
5.94959,0,0,0
5.9506,0,0,0
5.9516,0,0,0
5.9526,0,0,0
5.9536,0,0,0
5.9546,0,0,0
5.9556,0,0,0
5.9566,0,0,0
5.9576,0,0,0
5.9586,0,0,0
5.9596,0,0,0
5.9606,0,0,0
5.9616,0,0,0
5.9626,0,0,0
5.9636,0,0,0
5.9646,0,0,0
5.9656,0,0,0
5.9666,0,0,0
5.9676,0,0,0
5.9686,0,0,0
5.9696,0,0,0
5.9706,0,0,0
5.9716,0,0,0
5.9726,0,0,0
5.9736,0,0,0
5.9746,0,0,0
5.9756,0,0,0
5.9766,0,0,0
5.9776,0,0,0
5.9786,0,0,0
5.9796,0,0,0
5.9806,0,0,0
5.9816,0,0,0
5.9826,0,0,0
5.9836,0,0,0
5.9846,0,0,0
5.9856,0,0,0
5.9866,0,0,0
5.9876,0,0,0
5.9886,0,0,0
5.9896,0,0,0
5.9906,0,0,0
5.9916,0,0,0
5.9926,0,0,0
5.9936,0,0,0
5.9946,0,0,0
5.9956,0,0,0
5.9966,0,0,0
5.9976,0,0,0
5.9986,0,0,0
5.9996,0,0,0
6.0006,0,0,0
6.0016,0,0,0
6.0026,0,0,0
6.0036,0,0,0
6.0046,0,0,0
6.0056,0,0,0
6.0066,0,0,0
6.0076,0,0,0
6.0086,0,0,0
6.0096,0,0,0
6.0106,0,0,0
6.0116,0,0,0
6.0126,0,0,0
6.0136,0,0,0
6.0146,0,0,0
6.0156,0,0,0
6.0166,0,0,0
6.0176,0,0,0
6.0186,0,0,0
6.0196,0,0,0
6.0206,0,0,0
6.0216,0,0,0
6.0226,0,0,0
6.0236,0,0,0
6.0246,0,0,0
6.0256,0,0,0
6.0266,0,0,0
6.0276,0,0,0
6.0286,0,0,0
6.0296,0,0,0
6.0306,0,0,0
6.0316,0,0,0
6.0326,0,0,0
6.0336,0,0,0
6.0346,0,0,0
6.0356,0,0,0
6.0366,0,0,0
6.0376,0,0,0
6.0386,0,0,0
6.0396,0,0,0
6.0406,0,0,0
6.0416,0,0,0
6.0426,0,0,0
6.0436,0,0,0
6.0446,0,0,0
6.0456,0,0,0
6.0466,0,0,0
6.0476,0,0,0
6.0486,0,0,0
6.0496,0,0,0
6.05061,0,0,0
6.05161,0,0,0
6.05261,0,0,0
6.05361,0,0,0
6.05461,0,0,0
6.05561,0,0,0
6.05661,0,0,0
6.05761,0,0,0
6.05861,0,0,0
6.05961,0,0,0
6.06061,0,0,0
6.06161,0,0,0
6.06261,0,0,0
6.06361,0,0,0
6.06461,0,0,0
6.06561,0,0,0
6.06661,0,0,0
6.06761,0,0,0
6.06861,0,0,0
6.06961,0,0,0
6.07061,0,0,0
6.07161,0,0,0
6.07261,0,0,0
6.07361,0,0,0
6.07461,0,0,0
6.07561,0,0,0
6.07661,0,0,0
6.07761,0,0,0
6.07861,0,0,0
6.07961,0,0,0
6.08061,0,0,0
6.08161,0,0,0
6.08261,0,0,0
6.08361,0,0,0
6.08461,0,0,0
6.08561,0,0,0
6.08661,0,0,0
6.08761,0,0,0
6.08861,0,0,0
6.08961,0,0,0
6.09061,0,0,0
6.09161,0,0,0
6.09261,0,0,0
6.09361,0,0,0
6.09461,0,0,0
6.09561,0,0,0
6.09661,0,0,0
6.09761,0,0,0
6.09861,0,0,0
6.09961,0,0,0
6.10061,0,0,0
6.10161,0,0,0
6.10261,0,0,0
6.10361,0,0,0
6.10461,0,0,0
6.10561,0,0,0
6.10661,0,0,0
6.10761,0,0,0
6.10861,0,0,0
6.10961,0,0,0
6.11061,0,0,0
6.11161,0,0,0
6.11261,0,0,0
6.11361,0,0,0
6.11461,0,0,0
6.11561,0,0,0
6.11661,0,0,0
6.11761,0,0,0
6.11861,0,0,0
6.11961,0,0,0
6.12061,0,0,0
6.12161,0,0,0
6.12261,0,0,0
6.12361,0,0,0
6.12461,0,0,0
6.12561,0,0,0
6.12661,0,0,0
6.12761,0,0,0
6.12861,0,0,0
6.12961,0,0,0
6.13061,0,0,0
6.13161,0,0,0
6.13261,0,0,0
6.13361,0,0,0
6.13461,0,0,0
6.13561,0,0,0
6.13661,0,0,0
6.13761,0,0,0
6.13861,0,0,0
6.13961,0,0,0
6.14061,0,0,0
6.14161,0,0,0
6.14261,0,0,0
6.14361,0,0,0
6.14461,0,0,0
6.14561,0,0,0
6.14661,0,0,0
6.14761,0,0,0
6.14861,0,0,0
6.14961,0,0,0
6.15062,0,0,0
6.15162,0,0,0
6.15262,0,0,0
6.15362,0,0,0
6.15462,0,0,0
6.15562,0,0,0
6.15662,0,0,0
6.15762,0,0,0
6.15862,0,0,0
6.15962,0,0,0
6.16062,0,0,0
6.16162,0,0,0
6.16262,0,0,0
6.16362,0,0,0
6.16462,0,0,0
6.16562,0,0,0
6.16662,0,0,0
6.16762,0,0,0
6.16862,0,0,0
6.16962,0,0,0
6.17062,0,0,0
6.17162,0,0,0
6.17262,0,0,0
6.17362,0,0,0
6.17462,0,0,0
6.17562,0,0,0
6.17662,0,0,0
6.17762,0,0,0
6.17862,0,0,0
6.17962,0,0,0
6.18062,0,0,0
6.18162,0,0,0
6.18262,0,0,0
6.18362,0,0,0
6.18462,0,0,0
6.18562,0,0,0
6.18662,0,0,0
6.18762,0,0,0
6.18862,0,0,0
6.18962,0,0,0
6.19062,0,0,0
6.19162,0,0,0
6.19262,0,0,0
6.19362,0,0,0
6.19462,0,0,0
6.19562,0,0,0
6.19662,0,0,0
6.19762,0,0,0
6.19862,0,0,0
6.19962,0,0,0
6.20062,0,0,0
6.20162,0,0,0
6.20262,0,0,0
6.20362,0,0,0
6.20462,0,0,0
6.20562,0,0,0
6.20662,0,0,0
6.20762,0,0,0
6.20862,0,0,0
6.20962,0,0,0
6.21062,0,0,0
6.21162,0,0,0
6.21262,0,0,0
6.21362,0,0,0
6.21462,0,0,0
6.21562,0,0,0
6.21662,0,0,0
6.21762,0,0,0
6.21862,0,0,0
6.21962,0,0,0
6.22062,0,0,0
6.22162,0,0,0
6.22262,0,0,0
6.22362,0,0,0
6.22462,0,0,0
6.22562,0,0,0
6.22662,0,0,0
6.22762,0,0,0
6.22862,0,0,0
6.22962,0,0,0
6.23062,0,0,0
6.23162,0,0,0
6.23262,0,0,0
6.23362,0,0,0
6.23462,0,0,0
6.23562,0,0,0
6.23662,0,0,0
6.23762,0,0,0
6.23862,0,0,0
6.23962,0,0,0
6.24062,0,0,0
6.24162,0,0,0
6.24262,0,0,0
6.24362,0,0,0
6.24462,0,0,0
6.24562,0,0,0
6.24662,0,0,0
6.24762,0,0,0
6.24862,0,0,0
6.24962,0,0,0
6.25063,0,0,0
6.25163,0,0,0
6.25263,0,0,0
6.25363,0,0,0
6.25463,0,0,0
6.25563,0,0,0
6.25663,0,0,0
6.25763,0,0,0
6.25863,0,0,0
6.25963,0,0,0
6.26063,0,0,0
6.26163,0,0,0
6.26263,0,0,0
6.26363,0,0,0
6.26463,0,0,0
6.26563,0,0,0
6.26663,0,0,0
6.26763,0,0,0
6.26863,0,0,0
6.26963,0,0,0
6.27063,0,0,0
6.27163,0,0,0
6.27263,0,0,0
6.27363,0,0,0
6.27463,0,0,0
6.27563,0,0,0
6.27663,0,0,0
6.27763,0,0,0
6.27863,0,0,0
6.27963,0,0,0
6.28063,0,0,0
6.28163,0,0,0
6.28263,0,0,0
6.28363,0,0,0
6.28463,0,0,0
6.28563,0,0,0
6.28663,0,0,0
6.28763,0,0,0
6.28863,0,0,0
6.28963,0,0,0
6.29063,0,0,0
6.29163,0,0,0
6.29263,0,0,0
6.29363,0,0,0
6.29463,0,0,0
6.29563,0,0,0
6.29663,0,0,0
6.29763,0,0,0
6.29863,0,0,0
6.29963,0,0,0
6.30063,0,0,0
6.30163,0,0,0
6.30263,0,0,0
6.30363,0,0,0
6.30463,0,0,0
6.30563,0,0,0
6.30663,0,0,0
6.30763,0,0,0
6.30863,0,0,0
6.30963,0,0,0
6.31063,0,0,0
6.31163,0,0,0
6.31263,0,0,0
6.31363,0,0,0
6.31463,0,0,0
6.31563,0,0,0
6.31663,0,0,0
6.31763,0,0,0
6.31863,0,0,0
6.31963,0,0,0
6.32063,0,0,0
6.32163,0,0,0
6.32263,0,0,0
6.32363,0,0,0
6.32463,0,0,0
6.32563,0,0,0
6.32663,0,0,0
6.32763,0,0,0
6.32863,0,0,0
6.32963,0,0,0
6.33063,0,0,0
6.33163,0,0,0
6.33263,0,0,0
6.33363,0,0,0
6.33463,0,0,0
6.33563,0,0,0
6.33663,0,0,0
6.33763,0,0,0
6.33863,0,0,0
6.33963,0,0,0
6.34063,0,0,0
6.34163,0,0,0
6.34263,0,0,0
6.34363,0,0,0
6.34463,0,0,0
6.34563,0,0,0
6.34663,0,0,0
6.34763,0,0,0
6.34863,0,0,0
6.34963,0,0,0
6.35064,0,0,0
6.35164,0,0,0
6.35264,0,0,0
6.35364,0,0,0
6.35464,0,0,0
6.35564,0,0,0
6.35664,0,0,0
6.35764,0,0,0
6.35864,0,0,0
6.35964,0,0,0
6.36064,0,0,0
6.36164,0,0,0
6.36264,0,0,0
6.36364,0,0,0
6.36464,0,0,0
6.36564,0,0,0
6.36664,0,0,0
6.36764,0,0,0
6.36864,0,0,0
6.36964,0,0,0
6.37064,0,0,0
6.37164,0,0,0
6.37264,0,0,0
6.37364,0,0,0
6.37464,0,0,0
6.37564,0,0,0
6.37664,0,0,0
6.37764,0,0,0
6.37864,0,0,0
6.37964,0,0,0
6.38064,0,0,0
6.38164,0,0,0
6.38264,0,0,0
6.38364,0,0,0
6.38464,0,0,0
6.38564,0,0,0
6.38664,0,0,0
6.38764,0,0,0
6.38864,0,0,0
6.38964,0,0,0
6.39064,0,0,0
6.39164,0,0,0
6.39264,0,0,0
6.39364,0,0,0
6.39464,0,0,0
6.39564,0,0,0
6.39664,0,0,0
6.39764,0,0,0
6.39864,0,0,0
6.39964,0,0,0
6.40064,0,0,0
6.40164,0,0,0
6.40264,0,0,0
6.40364,0,0,0
6.40464,0,0,0
6.40564,0,0,0
6.40664,0,0,0
6.40764,0,0,0
6.40864,0,0,0
6.40964,0,0,0
6.41064,0,0,0
6.41164,0,0,0
6.41264,0,0,0
6.41364,0,0,0
6.41464,0,0,0
6.41564,0,0,0
6.41664,0,0,0
6.41764,0,0,0
6.41864,0,0,0
6.41964,0,0,0
6.42064,0,0,0
6.42164,0,0,0
6.42264,0,0,0
6.42364,0,0,0
6.42464,0,0,0
6.42564,0,0,0
6.42664,0,0,0
6.42764,0,0,0
6.42864,0,0,0
6.42964,0,0,0
6.43064,0,0,0
6.43164,0,0,0
6.43264,0,0,0
6.43364,0,0,0
6.43464,0,0,0
6.43564,0,0,0
6.43664,0,0,0
6.43764,0,0,0
6.43864,0,0,0
6.43964,0,0,0
6.44064,0,0,0
6.44164,0,0,0
6.44264,0,0,0
6.44364,0,0,0
6.44464,0,0,0
6.44564,0,0,0
6.44664,0,0,0
6.44764,0,0,0
6.44864,0,0,0
6.44964,0,0,0
6.45065,0,0,0
6.45165,0,0,0
6.45265,0,0,0
6.45365,0,0,0
6.45465,0,0,0
6.45565,0,0,0
6.45665,0,0,0
6.45765,0,0,0
6.45865,0,0,0
6.45965,0,0,0
6.46065,0,0,0
6.46165,0,0,0
6.46265,0,0,0
6.46365,0,0,0
6.46465,0,0,0
6.46565,0,0,0
6.46665,0,0,0
6.46765,0,0,0
6.46865,0,0,0
6.46965,0,0,0
6.47065,0,0,0
6.47165,0,0,0
6.47265,0,0,0
6.47365,0,0,0
6.47465,0,0,0
6.47565,0,0,0
6.47665,0,0,0
6.47765,0,0,0
6.47865,0,0,0
6.47965,0,0,0
6.48065,0,0,0
6.48165,0,0,0
6.48265,0,0,0
6.48365,0,0,0
6.48465,0,0,0
6.48565,0,0,0
6.48665,0,0,0
6.48765,0,0,0
6.48865,0,0,0
6.48965,0,0,0
6.49065,0,0,0
6.49165,0,0,0
6.49265,0,0,0
6.49365,0,0,0
6.49465,0,0,0
6.49565,0,0,0
6.49665,0,0,0
6.49765,0,0,0
6.49865,0,0,0
6.49965,0,0,0
6.50065,0,0,0
6.50165,0,0,0
6.50265,0,0,0
6.50365,0,0,0
6.50465,0,0,0
6.50565,0,0,0
6.50665,0,0,0
6.50765,0,0,0
6.50865,0,0,0
6.50965,0,0,0
6.51065,0,0,0
6.51165,0,0,0
6.51265,0,0,0
6.51365,0,0,0
6.51465,0,0,0
6.51565,0,0,0
6.51665,0,0,0
6.51765,0,0,0
6.51865,0,0,0
6.51965,0,0,0
6.52065,0,0,0
6.52165,0,0,0
6.52265,0,0,0
6.52365,0,0,0
6.52465,0,0,0
6.52565,0,0,0
6.52665,0,0,0
6.52765,0,0,0
6.52865,0,0,0
6.52965,0,0,0
6.53065,0,0,0
6.53165,0,0,0
6.53265,0,0,0
6.53365,0,0,0
6.53465,0,0,0
6.53565,0,0,0
6.53665,0,0,0
6.53765,0,0,0
6.53865,0,0,0
6.53965,0,0,0
6.54065,0,0,0
6.54165,0,0,0
6.54265,0,0,0
6.54365,0,0,0
6.54465,0,0,0
6.54565,0,0,0
6.54665,0,0,0
6.54765,0,0,0
6.54865,0,0,0
6.54965,0,0,0
6.55066,0,0,0
6.55166,0,0,0
6.55266,0,0,0
6.55366,0,0,0
6.55466,0,0,0
6.55566,0,0,0
6.55666,0,0,0
6.55766,0,0,0
6.55866,0,0,0
6.55966,0,0,0
6.56066,0,0,0
6.56166,0,0,0
6.56266,0,0,0
6.56366,0,0,0
6.56466,0,0,0
6.56566,0,0,0
6.56666,0,0,0
6.56766,0,0,0
6.56866,0,0,0
6.56966,0,0,0
6.57066,0,0,0
6.57166,0,0,0
6.57266,0,0,0
6.57366,0,0,0
6.57466,0,0,0
6.57566,0,0,0
6.57666,0,0,0
6.57766,0,0,0
6.57866,0,0,0
6.57966,0,0,0
6.58066,0,0,0
6.58166,0,0,0
6.58266,0,0,0
6.58366,0,0,0
6.58466,0,0,0
6.58566,0,0,0
6.58666,0,0,0
6.58766,0,0,0
6.58866,0,0,0
6.58966,0,0,0
6.59066,0,0,0
6.59166,0,0,0
6.59266,0,0,0
6.59366,0,0,0
6.59466,0,0,0
6.59566,0,0,0
6.59666,0,0,0
6.59766,0,0,0
6.59866,0,0,0
6.59966,0,0,0
6.60066,0,0,0
6.60166,0,0,0
6.60266,0,0,0
6.60366,0,0,0
6.60466,0,0,0
6.60566,0,0,0
6.60666,0,0,0
6.60766,0,0,0
6.60866,0,0,0
6.60966,0,0,0
6.61066,0,0,0
6.61166,0,0,0
6.61266,0,0,0
6.61366,0,0,0
6.61466,0,0,0
6.61566,0,0,0
6.61666,0,0,0
6.61766,0,0,0
6.61866,0,0,0
6.61966,0,0,0
6.62066,0,0,0
6.62166,0,0,0
6.62266,0,0,0
6.62366,0,0,0
6.62466,0,0,0
6.62566,0,0,0
6.62666,0,0,0
6.62766,0,0,0
6.62866,0,0,0
6.62966,0,0,0
6.63066,0,0,0
6.63166,0,0,0
6.63266,0,0,0
6.63366,0,0,0
6.63466,0,0,0
6.63566,0,0,0
6.63666,0,0,0
6.63766,0,0,0
6.63866,0,0,0
6.63966,0,0,0
6.64066,0,0,0
6.64166,0,0,0
6.64266,0,0,0
6.64366,0,0,0
6.64466,0,0,0
6.64566,0,0,0
6.64666,0,0,0
6.64766,0,0,0
6.64866,0,0,0
6.64966,0,0,0
6.65067,0,0,0
6.65167,0,0,0
6.65267,0,0,0
6.65367,0,0,0
6.65467,0,0,0
6.65567,0,0,0
6.65667,0,0,0
6.65767,0,0,0
6.65867,0,0,0
6.65967,0,0,0
6.66067,0,0,0
6.66167,0,0,0
6.66267,0,0,0
6.66367,0,0,0
6.66467,0,0,0
6.66567,0,0,0
6.66667,0,0,0
6.66767,0,0,0
6.66867,0,0,0
6.66967,0,0,0
6.67067,0,0,0
6.67167,0,0,0
6.67267,0,0,0
6.67367,0,0,0
6.67467,0,0,0
6.67567,0,0,0
6.67667,0,0,0
6.67767,0,0,0
6.67867,0,0,0
6.67967,0,0,0
6.68067,0,0,0
6.68167,0,0,0
6.68267,0,0,0
6.68367,0,0,0
6.68467,0,0,0
6.68567,0,0,0
6.68667,0,0,0
6.68767,0,0,0
6.68867,0,0,0
6.68967,0,0,0
6.69067,0,0,0
6.69167,0,0,0
6.69267,0,0,0
6.69367,0,0,0
6.69467,0,0,0
6.69567,0,0,0
6.69667,0,0,0
6.69767,0,0,0
6.69867,0,0,0
6.69967,0,0,0
6.70067,0,0,0
6.70167,0,0,0
6.70267,0,0,0
6.70367,0,0,0
6.70467,0,0,0
6.70567,0,0,0
6.70667,0,0,0
6.70767,0,0,0
6.70867,0,0,0
6.70967,0,0,0
6.71067,0,0,0
6.71167,0,0,0
6.71267,0,0,0
6.71367,0,0,0
6.71467,0,0,0
6.71567,0,0,0
6.71667,0,0,0
6.71767,0,0,0
6.71867,0,0,0
6.71967,0,0,0
6.72067,0,0,0
6.72167,0,0,0
6.72267,0,0,0
6.72367,0,0,0
6.72467,0,0,0
6.72567,0,0,0
6.72667,0,0,0
6.72767,0,0,0
6.72867,0,0,0
6.72967,0,0,0
6.73067,0,0,0
6.73167,0,0,0
6.73267,0,0,0
6.73367,0,0,0
6.73467,0,0,0
6.73567,0,0,0
6.73667,0,0,0
6.73767,0,0,0
6.73867,0,0,0
6.73967,0,0,0
6.74067,0,0,0
6.74167,0,0,0
6.74267,0,0,0
6.74367,0,0,0
6.74467,0,0,0
6.74567,0,0,0
6.74667,0,0,0
6.74767,0,0,0
6.74867,0,0,0
6.74967,0,0,0
6.75068,0,0,0
6.75168,0,0,0
6.75268,0,0,0
6.75368,0,0,0
6.75468,0,0,0
6.75568,0,0,0
6.75668,0,0,0
6.75768,0,0,0
6.75868,0,0,0
6.75968,0,0,0
6.76068,0,0,0
6.76168,0,0,0
6.76268,0,0,0
6.76368,0,0,0
6.76468,0,0,0
6.76568,0,0,0
6.76668,0,0,0
6.76768,0,0,0
6.76868,0,0,0
6.76968,0,0,0
6.77068,0,0,0
6.77168,0,0,0
6.77268,0,0,0
6.77368,0,0,0
6.77468,0,0,0
6.77568,0,0,0
6.77668,0,0,0
6.77768,0,0,0
6.77868,0,0,0
6.77968,0,0,0
6.78068,0,0,0
6.78168,0,0,0
6.78268,0,0,0
6.78368,0,0,0
6.78468,0,0,0
6.78568,0,0,0
6.78668,0,0,0
6.78768,0,0,0
6.78868,0,0,0
6.78968,0,0,0
6.79068,0,0,0
6.79168,0,0,0
6.79268,0,0,0
6.79368,0,0,0
6.79468,0,0,0
6.79568,0,0,0
6.79668,0,0,0
6.79768,0,0,0
6.79868,0,0,0
6.79968,0,0,0
6.80068,0,0,0
6.80168,0,0,0
6.80268,0,0,0
6.80368,0,0,0
6.80468,0,0,0
6.80568,0,0,0
6.80668,0,0,0
6.80768,0,0,0
6.80868,0,0,0
6.80968,0,0,0
6.81068,0,0,0
6.81168,0,0,0
6.81268,0,0,0
6.81368,0,0,0
6.81468,0,0,0
6.81568,0,0,0
6.81668,0,0,0
6.81768,0,0,0
6.81868,0,0,0
6.81968,0,0,0
6.82068,0,0,0
6.82168,0,0,0
6.82268,0,0,0
6.82368,0,0,0
6.82468,0,0,0
6.82568,0,0,0
6.82668,0,0,0
6.82768,0,0,0
6.82868,0,0,0
6.82968,0,0,0
6.83068,0,0,0
6.83168,0,0,0
6.83268,0,0,0
6.83368,0,0,0
6.83468,0,0,0
6.83568,0,0,0
6.83668,0,0,0
6.83768,0,0,0
6.83868,0,0,0
6.83968,0,0,0
6.84068,0,0,0
6.84168,0,0,0
6.84268,0,0,0
6.84368,0,0,0
6.84468,0,0,0
6.84568,0,0,0
6.84668,0,0,0
6.84768,0,0,0
6.84868,0,0,0
6.84968,0,0,0
6.85069,0,0,0
6.85169,0,0,0
6.85269,0,0,0
6.85369,0,0,0
6.85469,0,0,0
6.85569,0,0,0
6.85669,0,0,0
6.85769,0,0,0
6.85869,0,0,0
6.85969,0,0,0
6.86069,0,0,0
6.86169,0,0,0
6.86269,0,0,0
6.86369,0,0,0
6.86469,0,0,0
6.86569,0,0,0
6.86669,0,0,0
6.86769,0,0,0
6.86869,0,0,0
6.86969,0,0,0
6.87069,0,0,0
6.87169,0,0,0
6.87269,0,0,0
6.87369,0,0,0
6.87469,0,0,0
6.87569,0,0,0
6.87669,0,0,0
6.87769,0,0,0
6.87869,0,0,0
6.87969,0,0,0
6.88069,0,0,0
6.88169,0,0,0
6.88269,0,0,0
6.88369,0,0,0
6.88469,0,0,0
6.88569,0,0,0
6.88669,0,0,0
6.88769,0,0,0
6.88869,0,0,0
6.88969,0,0,0
6.89069,0,0,0
6.89169,0,0,0
6.89269,0,0,0
6.89369,0,0,0
6.89469,0,0,0
6.89569,0,0,0
6.89669,0,0,0
6.89769,0,0,0
6.89869,0,0,0
6.89969,0,0,0
6.90069,0,0,0
6.90169,0,0,0
6.90269,0,0,0
6.90369,0,0,0
6.90469,0,0,0
6.90569,0,0,0
6.90669,0,0,0
6.90769,0,0,0
6.90869,0,0,0
6.90969,0,0,0
6.91069,0,0,0
6.91169,0,0,0
6.91269,0,0,0
6.91369,0,0,0
6.91469,0,0,0
6.91569,0,0,0
6.91669,0,0,0
6.91769,0,0,0
6.91869,0,0,0
6.91969,0,0,0
6.92069,0,0,0
6.92169,0,0,0
6.92269,0,0,0
6.92369,0,0,0
6.92469,0,0,0
6.92569,0,0,0
6.92669,0,0,0
6.92769,0,0,0
6.92869,0,0,0
6.92969,0,0,0
6.93069,0,0,0
6.93169,0,0,0
6.93269,0,0,0
6.93369,0,0,0
6.93469,0,0,0
6.93569,0,0,0
6.93669,0,0,0
6.93769,0,0,0
6.93869,0,0,0
6.93969,0,0,0
6.94069,0,0,0
6.94169,0,0,0
6.94269,0,0,0
6.94369,0,0,0
6.94469,0,0,0
6.94569,0,0,0
6.94669,0,0,0
6.94769,0,0,0
6.94869,0,0,0
6.94969,0,0,0
6.9507,0,0,0
6.9517,0,0,0
6.9527,0,0,0
6.9537,0,0,0
6.9547,0,0,0
6.9557,0,0,0
6.9567,0,0,0
6.9577,0,0,0
6.9587,0,0,0
6.9597,0,0,0
6.9607,0,0,0
6.9617,0,0,0
6.9627,0,0,0
6.9637,0,0,0
6.9647,0,0,0
6.9657,0,0,0
6.9667,0,0,0
6.9677,0,0,0
6.9687,0,0,0
6.9697,0,0,0
6.9707,0,0,0
6.9717,0,0,0
6.9727,0,0,0
6.9737,0,0,0
6.9747,0,0,0
6.9757,0,0,0
6.9767,0,0,0
6.9777,0,0,0
6.9787,0,0,0
6.9797,0,0,0
6.9807,0,0,0
6.9817,0,0,0
6.9827,0,0,0
6.9837,0,0,0
6.9847,0,0,0
6.9857,0,0,0
6.9867,0,0,0
6.9877,0,0,0
6.9887,0,0,0
6.9897,0,0,0
6.9907,0,0,0
6.9917,0,0,0
6.9927,0,0,0
6.9937,0,0,0
6.9947,0,0,0
6.9957,0,0,0
6.9967,0,0,0
6.9977,0,0,0
6.9987,0,0,0
6.9997,0,0,0
7.0007,0,0,0
7.0017,0,0,0
7.0027,0,0,0
7.0037,0,0,0
7.0047,0,0,0
7.0057,0,0,0
7.0067,0,0,0
7.0077,0,0,0
7.0087,0,0,0
7.0097,0,0,0
7.0107,0,0,0
7.0117,0,0,0
7.0127,0,0,0
7.0137,0,0,0
7.0147,0,0,0
7.0157,0,0,0
7.0167,0,0,0
7.0177,0,0,0
7.0187,0,0,0
7.0197,0,0,0
7.0207,0,0,0
7.0217,0,0,0
7.0227,0,0,0
7.0237,0,0,0
7.0247,0,0,0
7.0257,0,0,0
7.0267,0,0,0
7.0277,0,0,0
7.0287,0,0,0
7.0297,0,0,0
7.0307,0,0,0
7.0317,0,0,0
7.0327,0,0,0
7.0337,0,0,0
7.0347,0,0,0
7.0357,0,0,0
7.0367,0,0,0
7.0377,0,0,0
7.0387,0,0,0
7.0397,0,0,0
7.0407,0,0,0
7.0417,0,0,0
7.0427,0,0,0
7.0437,0,0,0
7.0447,0,0,0
7.0457,0,0,0
7.0467,0,0,0
7.0477,0,0,0
7.0487,0,0,0
7.0497,0,0,0
7.05071,0,0,0
7.05171,0,0,0
7.05271,0,0,0
7.05371,0,0,0
7.05471,0,0,0
7.05571,0,0,0
7.05671,0,0,0
7.05771,0,0,0
7.05871,0,0,0
7.05971,0,0,0
7.06071,0,0,0
7.06171,0,0,0
7.06271,0,0,0
7.06371,0,0,0
7.06471,0,0,0
7.06571,0,0,0
7.06671,0,0,0
7.06771,0,0,0
7.06871,0,0,0
7.06971,0,0,0
7.07071,0,0,0
7.07171,0,0,0
7.07271,0,0,0
7.07371,0,0,0
7.07471,0,0,0
7.07571,0,0,0
7.07671,0,0,0
7.07771,0,0,0
7.07871,0,0,0
7.07971,0,0,0
7.08071,0,0,0
7.08171,0,0,0
7.08271,0,0,0
7.08371,0,0,0
7.08471,0,0,0
7.08571,0,0,0
7.08671,0,0,0
7.08771,0,0,0
7.08871,0,0,0
7.08971,0,0,0
7.09071,0,0,0
7.09171,0,0,0
7.09271,0,0,0
7.09371,0,0,0
7.09471,0,0,0
7.09571,0,0,0
7.09671,0,0,0
7.09771,0,0,0
7.09871,0,0,0
7.09971,0,0,0
7.10071,0,0,0
7.10171,0,0,0
7.10271,0,0,0
7.10371,0,0,0
7.10471,0,0,0
7.10571,0,0,0
7.10671,0,0,0
7.10771,0,0,0
7.10871,0,0,0
7.10971,0,0,0
7.11071,0,0,0
7.11171,0,0,0
7.11271,0,0,0
7.11371,0,0,0
7.11471,0,0,0
7.11571,0,0,0
7.11671,0,0,0
7.11771,0,0,0
7.11871,0,0,0
7.11971,0,0,0
7.12071,0,0,0
7.12171,0,0,0
7.12271,0,0,0
7.12371,0,0,0
7.12471,0,0,0
7.12571,0,0,0
7.12671,0,0,0
7.12771,0,0,0
7.12871,0,0,0
7.12971,0,0,0
7.13071,0,0,0
7.13171,0,0,0
7.13271,0,0,0
7.13371,0,0,0
7.13471,0,0,0
7.13571,0,0,0
7.13671,0,0,0
7.13771,0,0,0
7.13871,0,0,0
7.13971,0,0,0
7.14071,0,0,0
7.14171,0,0,0
7.14271,0,0,0
7.14371,0,0,0
7.14471,0,0,0
7.14571,0,0,0
7.14671,0,0,0
7.14771,0,0,0
7.14871,0,0,0
7.14971,0,0,0
7.15072,0,0,0
7.15172,0,0,0
7.15272,0,0,0
7.15372,0,0,0
7.15472,0,0,0
7.15572,0,0,0
7.15672,0,0,0
7.15772,0,0,0
7.15872,0,0,0
7.15972,0,0,0
7.16072,0,0,0
7.16172,0,0,0
7.16272,0,0,0
7.16372,0,0,0
7.16472,0,0,0
7.16572,0,0,0
7.16672,0,0,0
7.16772,0,0,0
7.16872,0,0,0
7.16972,0,0,0
7.17072,0,0,0
7.17172,0,0,0
7.17272,0,0,0
7.17372,0,0,0
7.17472,0,0,0
7.17572,0,0,0
7.17672,0,0,0
7.17772,0,0,0
7.17872,0,0,0
7.17972,0,0,0
7.18072,0,0,0
7.18172,0,0,0
7.18272,0,0,0
7.18372,0,0,0
7.18472,0,0,0
7.18572,0,0,0
7.18672,0,0,0
7.18772,0,0,0
7.18872,0,0,0
7.18972,0,0,0
7.19072,0,0,0
7.19172,0,0,0
7.19272,0,0,0
7.19372,0,0,0
7.19472,0,0,0
7.19572,0,0,0
7.19672,0,0,0
7.19772,0,0,0
7.19872,0,0,0
7.19972,0,0,0
7.20072,0,0,0
7.20172,0,0,0
7.20272,0,0,0
7.20372,0,0,0
7.20472,0,0,0
7.20572,0,0,0
7.20672,0,0,0
7.20772,0,0,0
7.20872,0,0,0
7.20972,0,0,0
7.21072,0,0,0
7.21172,0,0,0
7.21272,0,0,0
7.21372,0,0,0
7.21472,0,0,0
7.21572,0,0,0
7.21672,0,0,0
7.21772,0,0,0
7.21872,0,0,0
7.21972,0,0,0
7.22072,0,0,0
7.22172,0,0,0
7.22272,0,0,0
7.22372,0,0,0
7.22472,0,0,0
7.22572,0,0,0
7.22672,0,0,0
7.22772,0,0,0
7.22872,0,0,0
7.22972,0,0,0
7.23072,0,0,0
7.23172,0,0,0
7.23272,0,0,0
7.23372,0,0,0
7.23472,0,0,0
7.23572,0,0,0
7.23672,0,0,0
7.23772,0,0,0
7.23872,0,0,0
7.23972,0,0,0
7.24072,0,0,0
7.24172,0,0,0
7.24272,0,0,0
7.24372,0,0,0
7.24472,0,0,0
7.24572,0,0,0
7.24672,0,0,0
7.24772,0,0,0
7.24872,0,0,0
7.24972,0,0,0
7.25073,0,0,0
7.25173,0,0,0
7.25273,0,0,0
7.25373,0,0,0
7.25473,0,0,0
7.25573,0,0,0
7.25673,0,0,0
7.25773,0,0,0
7.25873,0,0,0
7.25973,0,0,0
7.26073,0,0,0
7.26173,0,0,0
7.26273,0,0,0
7.26373,0,0,0
7.26473,0,0,0
7.26573,0,0,0
7.26673,0,0,0
7.26773,0,0,0
7.26873,0,0,0
7.26973,0,0,0
7.27073,0,0,0
7.27173,0,0,0
7.27273,0,0,0
7.27373,0,0,0
7.27473,0,0,0
7.27573,0,0,0
7.27673,0,0,0
7.27773,0,0,0
7.27873,0,0,0
7.27973,0,0,0
7.28073,0,0,0
7.28173,0,0,0
7.28273,0,0,0
7.28373,0,0,0
7.28473,0,0,0
7.28573,0,0,0
7.28673,0,0,0
7.28773,0,0,0
7.28873,0,0,0
7.28973,0,0,0
7.29073,0,0,0
7.29173,0,0,0
7.29273,0,0,0
7.29373,0,0,0
7.29473,0,0,0
7.29573,0,0,0
7.29673,0,0,0
7.29773,0,0,0
7.29873,0,0,0
7.29973,0,0,0
7.30073,0,0,0
7.30173,0,0,0
7.30273,0,0,0
7.30373,0,0,0
7.30473,0,0,0
7.30573,0,0,0
7.30673,0,0,0
7.30773,0,0,0
7.30873,0,0,0
7.30973,0,0,0
7.31073,0,0,0
7.31173,0,0,0
7.31273,0,0,0
7.31373,0,0,0
7.31473,0,0,0
7.31573,0,0,0
7.31673,0,0,0
7.31773,0,0,0
7.31873,0,0,0
7.31973,0,0,0
7.32073,0,0,0
7.32173,0,0,0
7.32273,0,0,0
7.32373,0,0,0
7.32473,0,0,0
7.32573,0,0,0
7.32673,0,0,0
7.32773,0,0,0
7.32873,0,0,0
7.32973,0,0,0
7.33073,0,0,0
7.33173,0,0,0
7.33273,0,0,0
7.33373,0,0,0
7.33473,0,0,0
7.33573,0,0,0
7.33673,0,0,0
7.33773,0,0,0
7.33873,0,0,0
7.33973,0,0,0
7.34073,0,0,0
7.34173,0,0,0
7.34273,0,0,0
7.34373,0,0,0
7.34473,0,0,0
7.34573,0,0,0
7.34673,0,0,0
7.34773,0,0,0
7.34873,0,0,0
7.34973,0,0,0
7.35074,0,0,0
7.35174,0,0,0
7.35274,0,0,0
7.35374,0,0,0
7.35474,0,0,0
7.35574,0,0,0
7.35674,0,0,0
7.35774,0,0,0
7.35874,0,0,0
7.35974,0,0,0
7.36074,0,0,0
7.36174,0,0,0
7.36274,0,0,0
7.36374,0,0,0
7.36474,0,0,0
7.36574,0,0,0
7.36674,0,0,0
7.36774,0,0,0
7.36874,0,0,0
7.36974,0,0,0
7.37074,0,0,0
7.37174,0,0,0
7.37274,0,0,0
7.37374,0,0,0
7.37474,0,0,0
7.37574,0,0,0
7.37674,0,0,0
7.37774,0,0,0
7.37874,0,0,0
7.37974,0,0,0
7.38074,0,0,0
7.38174,0,0,0
7.38274,0,0,0
7.38374,0,0,0
7.38474,0,0,0
7.38574,0,0,0
7.38674,0,0,0
7.38774,0,0,0
7.38874,0,0,0
7.38974,0,0,0
7.39074,0,0,0
7.39174,0,0,0
7.39274,0,0,0
7.39374,0,0,0
7.39474,0,0,0
7.39574,0,0,0
7.39674,0,0,0
7.39774,0,0,0
7.39874,0,0,0
7.39974,0,0,0
7.40074,0,0,0
7.40174,0,0,0
7.40274,0,0,0
7.40374,0,0,0
7.40474,0,0,0
7.40574,0,0,0
7.40674,0,0,0
7.40774,0,0,0
7.40874,0,0,0
7.40974,0,0,0
7.41074,0,0,0
7.41174,0,0,0
7.41274,0,0,0
7.41374,0,0,0
7.41474,0,0,0
7.41574,0,0,0
7.41674,0,0,0
7.41774,0,0,0
7.41874,0,0,0
7.41974,0,0,0
7.42074,0,0,0
7.42174,0,0,0
7.42274,0,0,0
7.42374,0,0,0
7.42474,0,0,0
7.42574,0,0,0
7.42674,0,0,0
7.42774,0,0,0
7.42874,0,0,0
7.42974,0,0,0
7.43074,0,0,0
7.43174,0,0,0
7.43274,0,0,0
7.43374,0,0,0
7.43474,0,0,0
7.43574,0,0,0
7.43674,0,0,0
7.43774,0,0,0
7.43874,0,0,0
7.43974,0,0,0
7.44074,0,0,0
7.44174,0,0,0
7.44274,0,0,0
7.44374,0,0,0
7.44474,0,0,0
7.44574,0,0,0
7.44674,0,0,0
7.44774,0,0,0
7.44874,0,0,0
7.44974,0,0,0
7.45075,0,0,0
7.45175,0,0,0
7.45275,0,0,0
7.45375,0,0,0
7.45475,0,0,0
7.45575,0,0,0
7.45675,0,0,0
7.45775,0,0,0
7.45875,0,0,0
7.45975,0,0,0
7.46075,0,0,0
7.46175,0,0,0
7.46275,0,0,0
7.46375,0,0,0
7.46475,0,0,0
7.46575,0,0,0
7.46675,0,0,0
7.46775,0,0,0
7.46875,0,0,0
7.46975,0,0,0
7.47075,0,0,0
7.47175,0,0,0
7.47275,0,0,0
7.47375,0,0,0
7.47475,0,0,0
7.47575,0,0,0
7.47675,0,0,0
7.47775,0,0,0
7.47875,0,0,0
7.47975,0,0,0
7.48075,0,0,0
7.48175,0,0,0
7.48275,0,0,0
7.48375,0,0,0
7.48475,0,0,0
7.48575,0,0,0
7.48675,0,0,0
7.48775,0,0,0
7.48875,0,0,0
7.48975,0,0,0
7.49075,0,0,0
7.49175,0,0,0
7.49275,0,0,0
7.49375,0,0,0
7.49475,0,0,0
7.49575,0,0,0
7.49675,0,0,0
7.49775,0,0,0
7.49875,0,0,0
7.49975,0,0,0
7.50075,0,0,0
7.50175,0,0,0
7.50275,0,0,0
7.50375,0,0,0
7.50475,0,0,0
7.50575,0,0,0
7.50675,0,0,0
7.50775,0,0,0
7.50875,0,0,0
7.50975,0,0,0
7.51075,0,0,0
7.51175,0,0,0
7.51275,0,0,0
7.51375,0,0,0
7.51475,0,0,0
7.51575,0,0,0
7.51675,0,0,0
7.51775,0,0,0
7.51875,0,0,0
7.51975,0,0,0
7.52075,0,0,0
7.52175,0,0,0
7.52275,0,0,0
7.52375,0,0,0
7.52475,0,0,0
7.52575,0,0,0
7.52675,0,0,0
7.52775,0,0,0
7.52875,0,0,0
7.52975,0,0,0
7.53075,0,0,0
7.53175,0,0,0
7.53275,0,0,0
7.53375,0,0,0
7.53475,0,0,0
7.53575,0,0,0
7.53675,0,0,0
7.53775,0,0,0
7.53875,0,0,0
7.53975,0,0,0
7.54075,0,0,0
7.54175,0,0,0
7.54275,0,0,0
7.54375,0,0,0
7.54475,0,0,0
7.54575,0,0,0
7.54675,0,0,0
7.54775,0,0,0
7.54875,0,0,0
7.54975,0,0,0
7.55076,0,0,0
7.55176,0,0,0
7.55276,0,0,0
7.55376,0,0,0
7.55476,0,0,0
7.55576,0,0,0
7.55676,0,0,0
7.55776,0,0,0
7.55876,0,0,0
7.55976,0,0,0
7.56076,0,0,0
7.56176,0,0,0
7.56276,0,0,0
7.56376,0,0,0
7.56476,0,0,0
7.56576,0,0,0
7.56676,0,0,0
7.56776,0,0,0
7.56876,0,0,0
7.56976,0,0,0
7.57076,0,0,0
7.57176,0,0,0
7.57276,0,0,0
7.57376,0,0,0
7.57476,0,0,0
7.57576,0,0,0
7.57676,0,0,0
7.57776,0,0,0
7.57876,0,0,0
7.57976,0,0,0
7.58076,0,0,0
7.58176,0,0,0
7.58276,0,0,0
7.58376,0,0,0
7.58476,0,0,0
7.58576,0,0,0
7.58676,0,0,0
7.58776,0,0,0
7.58876,0,0,0
7.58976,0,0,0
7.59076,0,0,0
7.59176,0,0,0
7.59276,0,0,0
7.59376,0,0,0
7.59476,0,0,0
7.59576,0,0,0
7.59676,0,0,0
7.59776,0,0,0
7.59876,0,0,0
7.59976,0,0,0
7.60076,0,0,0
7.60176,0,0,0
7.60276,0,0,0
7.60376,0,0,0
7.60476,0,0,0
7.60576,0,0,0
7.60676,0,0,0
7.60776,0,0,0
7.60876,0,0,0
7.60976,0,0,0
7.61076,0,0,0
7.61176,0,0,0
7.61276,0,0,0
7.61376,0,0,0
7.61476,0,0,0
7.61576,0,0,0
7.61676,0,0,0
7.61776,0,0,0
7.61876,0,0,0
7.61976,0,0,0
7.62076,0,0,0
7.62176,0,0,0
7.62276,0,0,0
7.62376,0,0,0
7.62476,0,0,0
7.62576,0,0,0
7.62676,0,0,0
7.62776,0,0,0
7.62876,0,0,0
7.62976,0,0,0
7.63076,0,0,0
7.63176,0,0,0
7.63276,0,0,0
7.63376,0,0,0
7.63476,0,0,0
7.63576,0,0,0
7.63676,0,0,0
7.63776,0,0,0
7.63876,0,0,0
7.63976,0,0,0
7.64076,0,0,0
7.64176,0,0,0
7.64276,0,0,0
7.64376,0,0,0
7.64476,0,0,0
7.64576,0,0,0
7.64676,0,0,0
7.64776,0,0,0
7.64876,0,0,0
7.64976,0,0,0
7.65077,0,0,0
7.65177,0,0,0
7.65277,0,0,0
7.65377,0,0,0
7.65477,0,0,0
7.65577,0,0,0
7.65677,0,0,0
7.65777,0,0,0
7.65877,0,0,0
7.65977,0,0,0
7.66077,0,0,0
7.66177,0,0,0
7.66277,0,0,0
7.66377,0,0,0
7.66477,0,0,0
7.66577,0,0,0
7.66677,0,0,0
7.66777,0,0,0
7.66877,0,0,0
7.66977,0,0,0
7.67077,0,0,0
7.67177,0,0,0
7.67277,0,0,0
7.67377,0,0,0
7.67477,0,0,0
7.67577,0,0,0
7.67677,0,0,0
7.67777,0,0,0
7.67877,0,0,0
7.67977,0,0,0
7.68077,0,0,0
7.68177,0,0,0
7.68277,0,0,0
7.68377,0,0,0
7.68477,0,0,0
7.68577,0,0,0
7.68677,0,0,0
7.68777,0,0,0
7.68877,0,0,0
7.68977,0,0,0
7.69077,0,0,0
7.69177,0,0,0
7.69277,0,0,0
7.69377,0,0,0
7.69477,0,0,0
7.69577,0,0,0
7.69677,0,0,0
7.69777,0,0,0
7.69877,0,0,0
7.69977,0,0,0
7.70077,0,0,0
7.70177,0,0,0
7.70277,0,0,0
7.70377,0,0,0
7.70477,0,0,0
7.70577,0,0,0
7.70677,0,0,0
7.70777,0,0,0
7.70877,0,0,0
7.70977,0,0,0
7.71077,0,0,0
7.71177,0,0,0
7.71277,0,0,0
7.71377,0,0,0
7.71477,0,0,0
7.71577,0,0,0
7.71677,0,0,0
7.71777,0,0,0
7.71877,0,0,0
7.71977,0,0,0
7.72077,0,0,0
7.72177,0,0,0
7.72277,0,0,0
7.72377,0,0,0
7.72477,0,0,0
7.72577,0,0,0
7.72677,0,0,0
7.72777,0,0,0
7.72877,0,0,0
7.72977,0,0,0
7.73077,0,0,0
7.73177,0,0,0
7.73277,0,0,0
7.73377,0,0,0
7.73477,0,0,0
7.73577,0,0,0
7.73677,0,0,0
7.73777,0,0,0
7.73877,0,0,0
7.73977,0,0,0
7.74077,0,0,0
7.74177,0,0,0
7.74277,0,0,0
7.74377,0,0,0
7.74477,0,0,0
7.74577,0,0,0
7.74677,0,0,0
7.74777,0,0,0
7.74877,0,0,0
7.74977,0,0,0
7.75078,0,0,0
7.75178,0,0,0
7.75278,0,0,0
7.75378,0,0,0
7.75478,0,0,0
7.75578,0,0,0
7.75678,0,0,0
7.75778,0,0,0
7.75878,0,0,0
7.75978,0,0,0
7.76078,0,0,0
7.76178,0,0,0
7.76278,0,0,0
7.76378,0,0,0
7.76478,0,0,0
7.76578,0,0,0
7.76678,0,0,0
7.76778,0,0,0
7.76878,0,0,0
7.76978,0,0,0
7.77078,0,0,0
7.77178,0,0,0
7.77278,0,0,0
7.77378,0,0,0
7.77478,0,0,0
7.77578,0,0,0
7.77678,0,0,0
7.77778,0,0,0
7.77878,0,0,0
7.77978,0,0,0
7.78078,0,0,0
7.78178,0,0,0
7.78278,0,0,0
7.78378,0,0,0
7.78478,0,0,0
7.78578,0,0,0
7.78678,0,0,0
7.78778,0,0,0
7.78878,0,0,0
7.78978,0,0,0
7.79078,0,0,0
7.79178,0,0,0
7.79278,0,0,0
7.79378,0,0,0
7.79478,0,0,0
7.79578,0,0,0
7.79678,0,0,0
7.79778,0,0,0
7.79878,0,0,0
7.79978,0,0,0
7.80078,0,0,0
7.80178,0,0,0
7.80278,0,0,0
7.80378,0,0,0
7.80478,0,0,0
7.80578,0,0,0
7.80678,0,0,0
7.80778,0,0,0
7.80878,0,0,0
7.80978,0,0,0
7.81078,0,0,0
7.81178,0,0,0
7.81278,0,0,0
7.81378,0,0,0
7.81478,0,0,0
7.81578,0,0,0
7.81678,0,0,0
7.81778,0,0,0
7.81878,0,0,0
7.81978,0,0,0
7.82078,0,0,0
7.82178,0,0,0
7.82278,0,0,0
7.82378,0,0,0
7.82478,0,0,0
7.82578,0,0,0
7.82678,0,0,0
7.82778,0,0,0
7.82878,0,0,0
7.82978,0,0,0
7.83078,0,0,0
7.83178,0,0,0
7.83278,0,0,0
7.83378,0,0,0
7.83478,0,0,0
7.83578,0,0,0
7.83678,0,0,0
7.83778,0,0,0
7.83878,0,0,0
7.83978,0,0,0
7.84078,0,0,0
7.84178,0,0,0
7.84278,0,0,0
7.84378,0,0,0
7.84478,0,0,0
7.84578,0,0,0
7.84678,0,0,0
7.84778,0,0,0
7.84878,0,0,0
7.84978,0,0,0
7.85079,0,0,0
7.85179,0,0,0
7.85279,0,0,0
7.85379,0,0,0
7.85479,0,0,0
7.85579,0,0,0
7.85679,0,0,0
7.85779,0,0,0
7.85879,0,0,0
7.85979,0,0,0
7.86079,0,0,0
7.86179,0,0,0
7.86279,0,0,0
7.86379,0,0,0
7.86479,0,0,0
7.86579,0,0,0
7.86679,0,0,0
7.86779,0,0,0
7.86879,0,0,0
7.86979,0,0,0
7.87079,0,0,0
7.87179,0,0,0
7.87279,0,0,0
7.87379,0,0,0
7.87479,0,0,0
7.87579,0,0,0
7.87679,0,0,0
7.87779,0,0,0
7.87879,0,0,0
7.87979,0,0,0
7.88079,0,0,0
7.88179,0,0,0
7.88279,0,0,0
7.88379,0,0,0
7.88479,0,0,0
7.88579,0,0,0
7.88679,0,0,0
7.88779,0,0,0
7.88879,0,0,0
7.88979,0,0,0
7.89079,0,0,0
7.89179,0,0,0
7.89279,0,0,0
7.89379,0,0,0
7.89479,0,0,0
7.89579,0,0,0
7.89679,0,0,0
7.89779,0,0,0
7.89879,0,0,0
7.89979,0,0,0
7.90079,0,0,0
7.90179,0,0,0
7.90279,0,0,0
7.90379,0,0,0
7.90479,0,0,0
7.90579,0,0,0
7.90679,0,0,0
7.90779,0,0,0
7.90879,0,0,0
7.90979,0,0,0
7.91079,0,0,0
7.91179,0,0,0
7.91279,0,0,0
7.91379,0,0,0
7.91479,0,0,0
7.91579,0,0,0
7.91679,0,0,0
7.91779,0,0,0
7.91879,0,0,0
7.91979,0,0,0
7.92079,0,0,0
7.92179,0,0,0
7.92279,0,0,0
7.92379,0,0,0
7.92479,0,0,0
7.92579,0,0,0
7.92679,0,0,0
7.92779,0,0,0
7.92879,0,0,0
7.92979,0,0,0
7.93079,0,0,0
7.93179,0,0,0
7.93279,0,0,0
7.93379,0,0,0
7.93479,0,0,0
7.93579,0,0,0
7.93679,0,0,0
7.93779,0,0,0
7.93879,0,0,0
7.93979,0,0,0
7.94079,0,0,0
7.94179,0,0,0
7.94279,0,0,0
7.94379,0,0,0
7.94479,0,0,0
7.94579,0,0,0
7.94679,0,0,0
7.94779,0,0,0
7.94879,0,0,0
7.94979,0,0,0
7.9508,0,0,0
7.9518,0,0,0
7.9528,0,0,0
7.9538,0,0,0
7.9548,0,0,0
7.9558,0,0,0
7.9568,0,0,0
7.9578,0,0,0
7.9588,0,0,0
7.9598,0,0,0
7.9608,0,0,0
7.9618,0,0,0
7.9628,0,0,0
7.9638,0,0,0
7.9648,0,0,0
7.9658,0,0,0
7.9668,0,0,0
7.9678,0,0,0
7.9688,0,0,0
7.9698,0,0,0
7.9708,0,0,0
7.9718,0,0,0
7.9728,0,0,0
7.9738,0,0,0
7.9748,0,0,0
7.9758,0,0,0
7.9768,0,0,0
7.9778,0,0,0
7.9788,0,0,0
7.9798,0,0,0
7.9808,0,0,0
7.9818,0,0,0
7.9828,0,0,0
7.9838,0,0,0
7.9848,0,0,0
7.9858,0,0,0
7.9868,0,0,0
7.9878,0,0,0
7.9888,0,0,0
7.9898,0,0,0
7.9908,0,0,0
7.9918,0,0,0
7.9928,0,0,0
7.9938,0,0,0
7.9948,0,0,0
7.9958,0,0,0
7.9968,0,0,0
7.9978,0,0,0
7.9988,0,0,0
7.9998,0,0,0
8.0008,0,0,0
8.0018,0,0,0
8.0028,0,0,0
8.0038,0,0,0
8.0048,0,0,0
8.0058,0,0,0
8.0068,0,0,0
8.0078,0,0,0
8.0088,0,0,0
8.0098,0,0,0
8.0108,0,0,0
8.0118,0,0,0
8.0128,0,0,0
8.0138,0,0,0
8.0148,0,0,0
8.0158,0,0,0
8.0168,0,0,0
8.0178,0,0,0
8.0188,0,0,0
8.0198,0,0,0
8.0208,0,0,0
8.0218,0,0,0
8.0228,0,0,0
8.0238,0,0,0
8.0248,0,0,0
8.0258,0,0,0
8.0268,0,0,0
8.0278,0,0,0
8.0288,0,0,0
8.0298,0,0,0
8.0308,0,0,0
8.0318,0,0,0
8.0328,0,0,0
8.0338,0,0,0
8.0348,0,0,0
8.0358,0,0,0
8.0368,0,0,0
8.0378,0,0,0
8.0388,0,0,0
8.0398,0,0,0
8.0408,0,0,0
8.0418,0,0,0
8.0428,0,0,0
8.0438,0,0,0
8.0448,0,0,0
8.0458,0,0,0
8.0468,0,0,0
8.0478,0,0,0
8.0488,0,0,0
8.0498,0,0,0
8.05081,0,0,0
8.05181,0,0,0
8.05281,0,0,0
8.05381,0,0,0
8.05481,0,0,0
8.05581,0,0,0
8.05681,0,0,0
8.05781,0,0,0
8.05881,0,0,0
8.05981,0,0,0
8.06081,0,0,0
8.06181,0,0,0
8.06281,0,0,0
8.06381,0,0,0
8.06481,0,0,0
8.06581,0,0,0
8.06681,0,0,0
8.06781,0,0,0
8.06881,0,0,0
8.06981,0,0,0
8.07081,0,0,0
8.07181,0,0,0
8.07281,0,0,0
8.07381,0,0,0
8.07481,0,0,0
8.07581,0,0,0
8.07681,0,0,0
8.07781,0,0,0
8.07881,0,0,0
8.07981,0,0,0
8.08081,0,0,0
8.08181,0,0,0
8.08281,0,0,0
8.08381,0,0,0
8.08481,0,0,0
8.08581,0,0,0
8.08681,0,0,0
8.08781,0,0,0
8.08881,0,0,0
8.08981,0,0,0
8.09081,0,0,0
8.09181,0,0,0
8.09281,0,0,0
8.09381,0,0,0
8.09481,0,0,0
8.09581,0,0,0
8.09681,0,0,0
8.09781,0,0,0
8.09881,0,0,0
8.09981,0,0,0
8.10081,0,0,0
8.10181,0,0,0
8.10281,0,0,0
8.10381,0,0,0
8.10481,0,0,0
8.10581,0,0,0
8.10681,0,0,0
8.10781,0,0,0
8.10881,0,0,0
8.10981,0,0,0
8.11081,0,0,0
8.11181,0,0,0
8.11281,0,0,0
8.11381,0,0,0
8.11481,0,0,0
8.11581,0,0,0
8.11681,0,0,0
8.11781,0,0,0
8.11881,0,0,0
8.11981,0,0,0
8.12081,0,0,0
8.12181,0,0,0
8.12281,0,0,0
8.12381,0,0,0
8.12481,0,0,0
8.12581,0,0,0
8.12681,0,0,0
8.12781,0,0,0
8.12881,0,0,0
8.12981,0,0,0
8.13081,0,0,0
8.13181,0,0,0
8.13281,0,0,0
8.13381,0,0,0
8.13481,0,0,0
8.13581,0,0,0
8.13681,0,0,0
8.13781,0,0,0
8.13881,0,0,0
8.13981,0,0,0
8.14081,0,0,0
8.14181,0,0,0
8.14281,0,0,0
8.14381,0,0,0
8.14481,0,0,0
8.14581,0,0,0
8.14681,0,0,0
8.14781,0,0,0
8.14881,0,0,0
8.14981,0,0,0
8.15082,0,0,0
8.15182,0,0,0
8.15282,0,0,0
8.15382,0,0,0
8.15482,0,0,0
8.15582,0,0,0
8.15682,0,0,0
8.15782,0,0,0
8.15882,0,0,0
8.15982,0,0,0
8.16082,0,0,0
8.16182,0,0,0
8.16282,0,0,0
8.16382,0,0,0
8.16482,0,0,0
8.16582,0,0,0
8.16682,0,0,0
8.16782,0,0,0
8.16882,0,0,0
8.16982,0,0,0
8.17082,0,0,0
8.17182,0,0,0
8.17282,0,0,0
8.17382,0,0,0
8.17482,0,0,0
8.17582,0,0,0
8.17682,0,0,0
8.17782,0,0,0
8.17882,0,0,0
8.17982,0,0,0
8.18082,0,0,0
8.18182,0,0,0
8.18282,0,0,0
8.18382,0,0,0
8.18482,0,0,0
8.18582,0,0,0
8.18682,0,0,0
8.18782,0,0,0
8.18882,0,0,0
8.18982,0,0,0
8.19082,0,0,0
8.19182,0,0,0
8.19282,0,0,0
8.19382,0,0,0
8.19482,0,0,0
8.19582,0,0,0
8.19682,0,0,0
8.19782,0,0,0
8.19882,0,0,0
8.19982,0,0,0
8.20082,0,0,0
8.20182,0,0,0
8.20282,0,0,0
8.20382,0,0,0
8.20482,0,0,0
8.20582,0,0,0
8.20682,0,0,0
8.20782,0,0,0
8.20882,0,0,0
8.20982,0,0,0
8.21082,0,0,0
8.21182,0,0,0
8.21282,0,0,0
8.21382,0,0,0
8.21482,0,0,0
8.21582,0,0,0
8.21682,0,0,0
8.21782,0,0,0
8.21882,0,0,0
8.21982,0,0,0
8.22082,0,0,0
8.22182,0,0,0
8.22282,0,0,0
8.22382,0,0,0
8.22482,0,0,0
8.22582,0,0,0
8.22682,0,0,0
8.22782,0,0,0
8.22882,0,0,0
8.22982,0,0,0
8.23082,0,0,0
8.23182,0,0,0
8.23282,0,0,0
8.23382,0,0,0
8.23482,0,0,0
8.23582,0,0,0
8.23682,0,0,0
8.23782,0,0,0
8.23882,0,0,0
8.23982,0,0,0
8.24082,0,0,0
8.24182,0,0,0
8.24282,0,0,0
8.24382,0,0,0
8.24482,0,0,0
8.24582,0,0,0
8.24682,0,0,0
8.24782,0,0,0
8.24882,0,0,0
8.24982,0,0,0
8.25083,0,0,0
8.25183,0,0,0
8.25283,0,0,0
8.25383,0,0,0
8.25483,0,0,0
8.25583,0,0,0
8.25683,0,0,0
8.25783,0,0,0
8.25883,0,0,0
8.25983,0,0,0
8.26083,0,0,0
8.26183,0,0,0
8.26283,0,0,0
8.26383,0,0,0
8.26483,0,0,0
8.26583,0,0,0
8.26683,0,0,0
8.26783,0,0,0
8.26883,0,0,0
8.26983,0,0,0
8.27083,0,0,0
8.27183,0,0,0
8.27283,0,0,0
8.27383,0,0,0
8.27483,0,0,0
8.27583,0,0,0
8.27683,0,0,0
8.27783,0,0,0
8.27883,0,0,0
8.27983,0,0,0
8.28083,0,0,0
8.28183,0,0,0
8.28283,0,0,0
8.28383,0,0,0
8.28483,0,0,0
8.28583,0,0,0
8.28683,0,0,0
8.28783,0,0,0
8.28883,0,0,0
8.28983,0,0,0
8.29083,0,0,0
8.29183,0,0,0
8.29283,0,0,0
8.29383,0,0,0
8.29483,0,0,0
8.29583,0,0,0
8.29683,0,0,0
8.29783,0,0,0
8.29883,0,0,0
8.29983,0,0,0
8.30083,0,0,0
8.30183,0,0,0
8.30283,0,0,0
8.30383,0,0,0
8.30483,0,0,0
8.30583,0,0,0
8.30683,0,0,0
8.30783,0,0,0
8.30883,0,0,0
8.30983,0,0,0
8.31083,0,0,0
8.31183,0,0,0
8.31283,0,0,0
8.31383,0,0,0
8.31483,0,0,0
8.31583,0,0,0
8.31683,0,0,0
8.31783,0,0,0
8.31883,0,0,0
8.31983,0,0,0
8.32083,0,0,0
8.32183,0,0,0
8.32283,0,0,0
8.32383,0,0,0
8.32483,0,0,0
8.32583,0,0,0
8.32683,0,0,0
8.32783,0,0,0
8.32883,0,0,0
8.32983,0,0,0
8.33083,0,0,0
8.33183,0,0,0
8.33283,0,0,0
8.33383,0,0,0
8.33483,0,0,0
8.33583,0,0,0
8.33683,0,0,0
8.33783,0,0,0
8.33883,0,0,0
8.33983,0,0,0
8.34083,0,0,0
8.34183,0,0,0
8.34283,0,0,0
8.34383,0,0,0
8.34483,0,0,0
8.34583,0,0,0
8.34683,0,0,0
8.34783,0,0,0
8.34883,0,0,0
8.34983,0,0,0
8.35084,0,0,0
8.35184,0,0,0
8.35284,0,0,0
8.35384,0,0,0
8.35484,0,0,0
8.35584,0,0,0
8.35684,0,0,0
8.35784,0,0,0
8.35884,0,0,0
8.35984,0,0,0
8.36084,0,0,0
8.36184,0,0,0
8.36284,0,0,0
8.36384,0,0,0
8.36484,0,0,0
8.36584,0,0,0
8.36684,0,0,0
8.36784,0,0,0
8.36884,0,0,0
8.36984,0,0,0
8.37084,0,0,0
8.37184,0,0,0
8.37284,0,0,0
8.37384,0,0,0
8.37484,0,0,0
8.37584,0,0,0
8.37684,0,0,0
8.37784,0,0,0
8.37884,0,0,0
8.37984,0,0,0
8.38084,0,0,0
8.38184,0,0,0
8.38284,0,0,0
8.38384,0,0,0
8.38484,0,0,0
8.38584,0,0,0
8.38684,0,0,0
8.38784,0,0,0
8.38884,0,0,0
8.38984,0,0,0
8.39084,0,0,0
8.39184,0,0,0
8.39284,0,0,0
8.39384,0,0,0
8.39484,0,0,0
8.39584,0,0,0
8.39684,0,0,0
8.39784,0,0,0
8.39884,0,0,0
8.39984,0,0,0
8.40084,0,0,0
8.40184,0,0,0
8.40284,0,0,0
8.40384,0,0,0
8.40484,0,0,0
8.40584,0,0,0
8.40684,0,0,0
8.40784,0,0,0
8.40884,0,0,0
8.40984,0,0,0
8.41084,0,0,0
8.41184,0,0,0
8.41284,0,0,0
8.41384,0,0,0
8.41484,0,0,0
8.41584,0,0,0
8.41684,0,0,0
8.41784,0,0,0
8.41884,0,0,0
8.41984,0,0,0
8.42084,0,0,0
8.42184,0,0,0
8.42284,0,0,0
8.42384,0,0,0
8.42484,0,0,0
8.42584,0,0,0
8.42684,0,0,0
8.42784,0,0,0
8.42884,0,0,0
8.42984,0,0,0
8.43084,0,0,0
8.43184,0,0,0
8.43284,0,0,0
8.43384,0,0,0
8.43484,0,0,0
8.43584,0,0,0
8.43684,0,0,0
8.43784,0,0,0
8.43884,0,0,0
8.43984,0,0,0
8.44084,0,0,0
8.44184,0,0,0
8.44284,0,0,0
8.44384,0,0,0
8.44484,0,0,0
8.44584,0,0,0
8.44684,0,0,0
8.44784,0,0,0
8.44884,0,0,0
8.44984,0,0,0
8.45085,0,0,0
8.45185,0,0,0
8.45285,0,0,0
8.45385,0,0,0
8.45485,0,0,0
8.45585,0,0,0
8.45685,0,0,0
8.45785,0,0,0
8.45885,0,0,0
8.45985,0,0,0
8.46085,0,0,0
8.46185,0,0,0
8.46285,0,0,0
8.46385,0,0,0
8.46485,0,0,0
8.46585,0,0,0
8.46685,0,0,0
8.46785,0,0,0
8.46885,0,0,0
8.46985,0,0,0
8.47085,0,0,0
8.47185,0,0,0
8.47285,0,0,0
8.47385,0,0,0
8.47485,0,0,0
8.47585,0,0,0
8.47685,0,0,0
8.47785,0,0,0
8.47885,0,0,0
8.47985,0,0,0
8.48085,0,0,0
8.48185,0,0,0
8.48285,0,0,0
8.48385,0,0,0
8.48485,0,0,0
8.48585,0,0,0
8.48685,0,0,0
8.48785,0,0,0
8.48885,0,0,0
8.48985,0,0,0
8.49085,0,0,0
8.49185,0,0,0
8.49285,0,0,0
8.49385,0,0,0
8.49485,0,0,0
8.49585,0,0,0
8.49685,0,0,0
8.49785,0,0,0
8.49885,0,0,0
8.49985,0,0,0
8.50085,0,0,0
8.50185,0,0,0
8.50285,0,0,0
8.50385,0,0,0
8.50485,0,0,0
8.50585,0,0,0
8.50685,0,0,0
8.50785,0,0,0
8.50885,0,0,0
8.50985,0,0,0
8.51085,0,0,0
8.51185,0,0,0
8.51285,0,0,0
8.51385,0,0,0
8.51485,0,0,0
8.51585,0,0,0
8.51685,0,0,0
8.51785,0,0,0
8.51885,0,0,0
8.51985,0,0,0
8.52085,0,0,0
8.52185,0,0,0
8.52285,0,0,0
8.52385,0,0,0
8.52485,0,0,0
8.52585,0,0,0
8.52685,0,0,0
8.52785,0,0,0
8.52885,0,0,0
8.52985,0,0,0
8.53085,0,0,0
8.53185,0,0,0
8.53285,0,0,0
8.53385,0,0,0
8.53485,0,0,0
8.53585,0,0,0
8.53685,0,0,0
8.53785,0,0,0
8.53885,0,0,0
8.53985,0,0,0
8.54085,0,0,0
8.54185,0,0,0
8.54285,0,0,0
8.54385,0,0,0
8.54485,0,0,0
8.54585,0,0,0
8.54685,0,0,0
8.54785,0,0,0
8.54885,0,0,0
8.54985,0,0,0
8.55086,0,0,0
8.55186,0,0,0
8.55286,0,0,0
8.55386,0,0,0
8.55486,0,0,0
8.55586,0,0,0
8.55686,0,0,0
8.55786,0,0,0
8.55886,0,0,0
8.55986,0,0,0
8.56086,0,0,0
8.56186,0,0,0
8.56286,0,0,0
8.56386,0,0,0
8.56486,0,0,0
8.56586,0,0,0
8.56686,0,0,0
8.56786,0,0,0
8.56886,0,0,0
8.56986,0,0,0
8.57086,0,0,0
8.57186,0,0,0
8.57286,0,0,0
8.57386,0,0,0
8.57486,0,0,0
8.57586,0,0,0
8.57686,0,0,0
8.57786,0,0,0
8.57886,0,0,0
8.57986,0,0,0
8.58086,0,0,0
8.58186,0,0,0
8.58286,0,0,0
8.58386,0,0,0
8.58486,0,0,0
8.58586,0,0,0
8.58686,0,0,0
8.58786,0,0,0
8.58886,0,0,0
8.58986,0,0,0
8.59086,0,0,0
8.59186,0,0,0
8.59286,0,0,0
8.59386,0,0,0
8.59486,0,0,0
8.59586,0,0,0
8.59686,0,0,0
8.59786,0,0,0
8.59886,0,0,0
8.59986,0,0,0
8.60086,0,0,0
8.60186,0,0,0
8.60286,0,0,0
8.60386,0,0,0
8.60486,0,0,0
8.60586,0,0,0
8.60686,0,0,0
8.60786,0,0,0
8.60886,0,0,0
8.60986,0,0,0
8.61086,0,0,0
8.61186,0,0,0
8.61286,0,0,0
8.61386,0,0,0
8.61486,0,0,0
8.61586,0,0,0
8.61686,0,0,0
8.61786,0,0,0
8.61886,0,0,0
8.61986,0,0,0
8.62086,0,0,0
8.62186,0,0,0
8.62286,0,0,0
8.62386,0,0,0
8.62486,0,0,0
8.62586,0,0,0
8.62686,0,0,0
8.62786,0,0,0
8.62886,0,0,0
8.62986,0,0,0
8.63086,0,0,0
8.63186,0,0,0
8.63286,0,0,0
8.63386,0,0,0
8.63486,0,0,0
8.63586,0,0,0
8.63686,0,0,0
8.63786,0,0,0
8.63886,0,0,0
8.63986,0,0,0
8.64086,0,0,0
8.64186,0,0,0
8.64286,0,0,0
8.64386,0,0,0
8.64486,0,0,0
8.64586,0,0,0
8.64686,0,0,0
8.64786,0,0,0
8.64886,0,0,0
8.64986,0,0,0
8.65087,0,0,0
8.65187,0,0,0
8.65287,0,0,0
8.65387,0,0,0
8.65487,0,0,0
8.65587,0,0,0
8.65687,0,0,0
8.65787,0,0,0
8.65887,0,0,0
8.65987,0,0,0
8.66087,0,0,0
8.66187,0,0,0
8.66287,0,0,0
8.66387,0,0,0
8.66487,0,0,0
8.66587,0,0,0
8.66687,0,0,0
8.66787,0,0,0
8.66887,0,0,0
8.66987,0,0,0
8.67087,0,0,0
8.67187,0,0,0
8.67287,0,0,0
8.67387,0,0,0
8.67487,0,0,0
8.67587,0,0,0
8.67687,0,0,0
8.67787,0,0,0
8.67887,0,0,0
8.67987,0,0,0
8.68087,0,0,0
8.68187,0,0,0
8.68287,0,0,0
8.68387,0,0,0
8.68487,0,0,0
8.68587,0,0,0
8.68687,0,0,0
8.68787,0,0,0
8.68887,0,0,0
8.68987,0,0,0
8.69087,0,0,0
8.69187,0,0,0
8.69287,0,0,0
8.69387,0,0,0
8.69487,0,0,0
8.69587,0,0,0
8.69687,0,0,0
8.69787,0,0,0
8.69887,0,0,0
8.69987,0,0,0
8.70087,0,0,0
8.70187,0,0,0
8.70287,0,0,0
8.70387,0,0,0
8.70487,0,0,0
8.70587,0,0,0
8.70687,0,0,0
8.70787,0,0,0
8.70887,0,0,0
8.70987,0,0,0
8.71087,0,0,0
8.71187,0,0,0
8.71287,0,0,0
8.71387,0,0,0
8.71487,0,0,0
8.71587,0,0,0
8.71687,0,0,0
8.71787,0,0,0
8.71887,0,0,0
8.71987,0,0,0
8.72087,0,0,0
8.72187,0,0,0
8.72287,0,0,0
8.72387,0,0,0
8.72487,0,0,0
8.72587,0,0,0
8.72687,0,0,0
8.72787,0,0,0
8.72887,0,0,0
8.72987,0,0,0
8.73087,0,0,0
8.73187,0,0,0
8.73287,0,0,0
8.73387,0,0,0
8.73487,0,0,0
8.73587,0,0,0
8.73687,0,0,0
8.73787,0,0,0
8.73887,0,0,0
8.73987,0,0,0
8.74087,0,0,0
8.74187,0,0,0
8.74287,0,0,0
8.74387,0,0,0
8.74487,0,0,0
8.74587,0,0,0
8.74687,0,0,0
8.74787,0,0,0
8.74887,0,0,0
8.74987,0,0,0
8.75088,0,0,0
8.75188,0,0,0
8.75288,0,0,0
8.75388,0,0,0
8.75488,0,0,0
8.75588,0,0,0
8.75688,0,0,0
8.75788,0,0,0
8.75888,0,0,0
8.75988,0,0,0
8.76088,0,0,0
8.76188,0,0,0
8.76288,0,0,0
8.76388,0,0,0
8.76488,0,0,0
8.76588,0,0,0
8.76688,0,0,0
8.76788,0,0,0
8.76888,0,0,0
8.76988,0,0,0
8.77088,0,0,0
8.77188,0,0,0
8.77288,0,0,0
8.77388,0,0,0
8.77488,0,0,0
8.77588,0,0,0
8.77688,0,0,0
8.77788,0,0,0
8.77888,0,0,0
8.77988,0,0,0
8.78088,0,0,0
8.78188,0,0,0
8.78288,0,0,0
8.78388,0,0,0
8.78488,0,0,0
8.78588,0,0,0
8.78688,0,0,0
8.78788,0,0,0
8.78888,0,0,0
8.78988,0,0,0
8.79088,0,0,0
8.79188,0,0,0
8.79288,0,0,0
8.79388,0,0,0
8.79488,0,0,0
8.79588,0,0,0
8.79688,0,0,0
8.79788,0,0,0
8.79888,0,0,0
8.79988,0,0,0
8.80088,0,0,0
8.80188,0,0,0
8.80288,0,0,0
8.80388,0,0,0
8.80488,0,0,0
8.80588,0,0,0
8.80688,0,0,0
8.80788,0,0,0
8.80888,0,0,0
8.80988,0,0,0
8.81088,0,0,0
8.81188,0,0,0
8.81288,0,0,0
8.81388,0,0,0
8.81488,0,0,0
8.81588,0,0,0
8.81688,0,0,0
8.81788,0,0,0
8.81888,0,0,0
8.81988,0,0,0
8.82088,0,0,0
8.82188,0,0,0
8.82288,0,0,0
8.82388,0,0,0
8.82488,0,0,0
8.82588,0,0,0
8.82688,0,0,0
8.82788,0,0,0
8.82888,0,0,0
8.82988,0,0,0
8.83088,0,0,0
8.83188,0,0,0
8.83288,0,0,0
8.83388,0,0,0
8.83488,0,0,0
8.83588,0,0,0
8.83688,0,0,0
8.83788,0,0,0
8.83888,0,0,0
8.83988,0,0,0
8.84088,0,0,0
8.84188,0,0,0
8.84288,0,0,0
8.84388,0,0,0
8.84488,0,0,0
8.84588,0,0,0
8.84688,0,0,0
8.84788,0,0,0
8.84888,0,0,0
8.84988,0,0,0
8.85089,0,0,0
8.85189,0,0,0
8.85289,0,0,0
8.85389,0,0,0
8.85489,0,0,0
8.85589,0,0,0
8.85689,0,0,0
8.85789,0,0,0
8.85889,0,0,0
8.85989,0,0,0
8.86089,0,0,0
8.86189,0,0,0
8.86289,0,0,0
8.86389,0,0,0
8.86489,0,0,0
8.86589,0,0,0
8.86689,0,0,0
8.86789,0,0,0
8.86889,0,0,0
8.86989,0,0,0
8.87089,0,0,0
8.87189,0,0,0
8.87289,0,0,0
8.87389,0,0,0
8.87489,0,0,0
8.87589,0,0,0
8.87689,0,0,0
8.87789,0,0,0
8.87889,0,0,0
8.87989,0,0,0
8.88089,0,0,0
8.88189,0,0,0
8.88289,0,0,0
8.88389,0,0,0
8.88489,0,0,0
8.88589,0,0,0
8.88689,0,0,0
8.88789,0,0,0
8.88889,0,0,0
8.88989,0,0,0
8.89089,0,0,0
8.89189,0,0,0
8.89289,0,0,0
8.89389,0,0,0
8.89489,0,0,0
8.89589,0,0,0
8.89689,0,0,0
8.89789,0,0,0
8.89889,0,0,0
8.89989,0,0,0
8.90089,0,0,0
8.90189,0,0,0
8.90289,0,0,0
8.90389,0,0,0
8.90489,0,0,0
8.90589,0,0,0
8.90689,0,0,0
8.90789,0,0,0
8.90889,0,0,0
8.90989,0,0,0
8.91089,0,0,0
8.91189,0,0,0
8.91289,0,0,0
8.91389,0,0,0
8.91489,0,0,0
8.91589,0,0,0
8.91689,0,0,0
8.91789,0,0,0
8.91889,0,0,0
8.91989,0,0,0
8.92089,0,0,0
8.92189,0,0,0
8.92289,0,0,0
8.92389,0,0,0
8.92489,0,0,0
8.92589,0,0,0
8.92689,0,0,0
8.92789,0,0,0
8.92889,0,0,0
8.92989,0,0,0
8.93089,0,0,0
8.93189,0,0,0
8.93289,0,0,0
8.93389,0,0,0
8.93489,0,0,0
8.93589,0,0,0
8.93689,0,0,0
8.93789,0,0,0
8.93889,0,0,0
8.93989,0,0,0
8.94089,0,0,0
8.94189,0,0,0
8.94289,0,0,0
8.94389,0,0,0
8.94489,0,0,0
8.94589,0,0,0
8.94689,0,0,0
8.94789,0,0,0
8.94889,0,0,0
8.94989,0,0,0
8.9509,0,0,0
8.9519,0,0,0
8.9529,0,0,0
8.9539,0,0,0
8.9549,0,0,0
8.9559,0,0,0
8.9569,0,0,0
8.9579,0,0,0
8.9589,0,0,0
8.9599,0,0,0
8.9609,0,0,0
8.9619,0,0,0
8.9629,0,0,0
8.9639,0,0,0
8.9649,0,0,0
8.9659,0,0,0
8.9669,0,0,0
8.9679,0,0,0
8.9689,0,0,0
8.9699,0,0,0
8.9709,0,0,0
8.9719,0,0,0
8.9729,0,0,0
8.9739,0,0,0
8.9749,0,0,0
8.9759,0,0,0
8.9769,0,0,0
8.9779,0,0,0
8.9789,0,0,0
8.9799,0,0,0
8.9809,0,0,0
8.9819,0,0,0
8.9829,0,0,0
8.9839,0,0,0
8.9849,0,0,0
8.9859,0,0,0
8.9869,0,0,0
8.9879,0,0,0
8.9889,0,0,0
8.9899,0,0,0
8.9909,0,0,0
8.9919,0,0,0
8.9929,0,0,0
8.9939,0,0,0
8.9949,0,0,0
8.9959,0,0,0
8.9969,0,0,0
8.9979,0,0,0
8.9989,0,0,0
8.9999,0,0,0
9.0009,0,0,0
9.0019,0,0,0
9.0029,0,0,0
9.0039,0,0,0
9.0049,0,0,0
9.0059,0,0,0
9.0069,0,0,0
9.0079,0,0,0
9.0089,0,0,0
9.0099,0,0,0
9.0109,0,0,0
9.0119,0,0,0
9.0129,0,0,0
9.0139,0,0,0
9.0149,0,0,0
9.0159,0,0,0
9.0169,0,0,0
9.0179,0,0,0
9.0189,0,0,0
9.0199,0,0,0
9.0209,0,0,0
9.0219,0,0,0
9.0229,0,0,0
9.0239,0,0,0
9.0249,0,0,0
9.0259,0,0,0
9.0269,0,0,0
9.0279,0,0,0
9.0289,0,0,0
9.0299,0,0,0
9.0309,0,0,0
9.0319,0,0,0
9.0329,0,0,0
9.0339,0,0,0
9.0349,0,0,0
9.0359,0,0,0
9.0369,0,0,0
9.0379,0,0,0
9.0389,0,0,0
9.0399,0,0,0
9.0409,0,0,0
9.0419,0,0,0
9.0429,0,0,0
9.0439,0,0,0
9.0449,0,0,0
9.0459,0,0,0
9.0469,0,0,0
9.0479,0,0,0
9.0489,0,0,0
9.0499,0,0,0
9.05091,0,0,0
9.05191,0,0,0
9.05291,0,0,0
9.05391,0,0,0
9.05491,0,0,0
9.05591,0,0,0
9.05691,0,0,0
9.05791,0,0,0
9.05891,0,0,0
9.05991,0,0,0
9.06091,0,0,0
9.06191,0,0,0
9.06291,0,0,0
9.06391,0,0,0
9.06491,0,0,0
9.06591,0,0,0
9.06691,0,0,0
9.06791,0,0,0
9.06891,0,0,0
9.06991,0,0,0
9.07091,0,0,0
9.07191,0,0,0
9.07291,0,0,0
9.07391,0,0,0
9.07491,0,0,0
9.07591,0,0,0
9.07691,0,0,0
9.07791,0,0,0
9.07891,0,0,0
9.07991,0,0,0
9.08091,0,0,0
9.08191,0,0,0
9.08291,0,0,0
9.08391,0,0,0
9.08491,0,0,0
9.08591,0,0,0
9.08691,0,0,0
9.08791,0,0,0
9.08891,0,0,0
9.08991,0,0,0
9.09091,0,0,0
9.09191,0,0,0
9.09291,0,0,0
9.09391,0,0,0
9.09491,0,0,0
9.09591,0,0,0
9.09691,0,0,0
9.09791,0,0,0
9.09891,0,0,0
9.09991,0,0,0
9.10091,0,0,0
9.10191,0,0,0
9.10291,0,0,0
9.10391,0,0,0
9.10491,0,0,0
9.10591,0,0,0
9.10691,0,0,0
9.10791,0,0,0
9.10891,0,0,0
9.10991,0,0,0
9.11091,0,0,0
9.11191,0,0,0
9.11291,0,0,0
9.11391,0,0,0
9.11491,0,0,0
9.11591,0,0,0
9.11691,0,0,0
9.11791,0,0,0
9.11891,0,0,0
9.11991,0,0,0
9.12091,0,0,0
9.12191,0,0,0
9.12291,0,0,0
9.12391,0,0,0
9.12491,0,0,0
9.12591,0,0,0
9.12691,0,0,0
9.12791,0,0,0
9.12891,0,0,0
9.12991,0,0,0
9.13091,0,0,0
9.13191,0,0,0
9.13291,0,0,0
9.13391,0,0,0
9.13491,0,0,0
9.13591,0,0,0
9.13691,0,0,0
9.13791,0,0,0
9.13891,0,0,0
9.13991,0,0,0
9.14091,0,0,0
9.14191,0,0,0
9.14291,0,0,0
9.14391,0,0,0
9.14491,0,0,0
9.14591,0,0,0
9.14691,0,0,0
9.14791,0,0,0
9.14891,0,0,0
9.14991,0,0,0
9.15092,0,0,0
9.15192,0,0,0
9.15292,0,0,0
9.15392,0,0,0
9.15492,0,0,0
9.15592,0,0,0
9.15692,0,0,0
9.15792,0,0,0
9.15892,0,0,0
9.15992,0,0,0
9.16092,0,0,0
9.16192,0,0,0
9.16292,0,0,0
9.16392,0,0,0
9.16492,0,0,0
9.16592,0,0,0
9.16692,0,0,0
9.16792,0,0,0
9.16892,0,0,0
9.16992,0,0,0
9.17092,0,0,0
9.17192,0,0,0
9.17292,0,0,0
9.17392,0,0,0
9.17492,0,0,0
9.17592,0,0,0
9.17692,0,0,0
9.17792,0,0,0
9.17892,0,0,0
9.17992,0,0,0
9.18092,0,0,0
9.18192,0,0,0
9.18292,0,0,0
9.18392,0,0,0
9.18492,0,0,0
9.18592,0,0,0
9.18692,0,0,0
9.18792,0,0,0
9.18892,0,0,0
9.18992,0,0,0
9.19092,0,0,0
9.19192,0,0,0
9.19292,0,0,0
9.19392,0,0,0
9.19492,0,0,0
9.19592,0,0,0
9.19692,0,0,0
9.19792,0,0,0
9.19892,0,0,0
9.19992,0,0,0
9.20092,0,0,0
9.20192,0,0,0
9.20292,0,0,0
9.20392,0,0,0
9.20492,0,0,0
9.20592,0,0,0
9.20692,0,0,0
9.20792,0,0,0
9.20892,0,0,0
9.20992,0,0,0
9.21092,0,0,0
9.21192,0,0,0
9.21292,0,0,0
9.21392,0,0,0
9.21492,0,0,0
9.21592,0,0,0
9.21692,0,0,0
9.21792,0,0,0
9.21892,0,0,0
9.21992,0,0,0
9.22092,0,0,0
9.22192,0,0,0
9.22292,0,0,0
9.22392,0,0,0
9.22492,0,0,0
9.22592,0,0,0
9.22692,0,0,0
9.22792,0,0,0
9.22892,0,0,0
9.22992,0,0,0
9.23092,0,0,0
9.23192,0,0,0
9.23292,0,0,0
9.23392,0,0,0
9.23492,0,0,0
9.23592,0,0,0
9.23692,0,0,0
9.23792,0,0,0
9.23892,0,0,0
9.23992,0,0,0
9.24092,0,0,0
9.24192,0,0,0
9.24292,0,0,0
9.24392,0,0,0
9.24492,0,0,0
9.24592,0,0,0
9.24692,0,0,0
9.24792,0,0,0
9.24892,0,0,0
9.24992,0,0,0
9.25093,0,0,0
9.25193,0,0,0
9.25293,0,0,0
9.25393,0,0,0
9.25493,0,0,0
9.25593,0,0,0
9.25693,0,0,0
9.25793,0,0,0
9.25893,0,0,0
9.25993,0,0,0
9.26093,0,0,0
9.26193,0,0,0
9.26293,0,0,0
9.26393,0,0,0
9.26493,0,0,0
9.26593,0,0,0
9.26693,0,0,0
9.26793,0,0,0
9.26893,0,0,0
9.26993,0,0,0
9.27093,0,0,0
9.27193,0,0,0
9.27293,0,0,0
9.27393,0,0,0
9.27493,0,0,0
9.27593,0,0,0
9.27693,0,0,0
9.27793,0,0,0
9.27893,0,0,0
9.27993,0,0,0
9.28093,0,0,0
9.28193,0,0,0
9.28293,0,0,0
9.28393,0,0,0
9.28493,0,0,0
9.28593,0,0,0
9.28693,0,0,0
9.28793,0,0,0
9.28893,0,0,0
9.28993,0,0,0
9.29093,0,0,0
9.29193,0,0,0
9.29293,0,0,0
9.29393,0,0,0
9.29493,0,0,0
9.29593,0,0,0
9.29693,0,0,0
9.29793,0,0,0
9.29893,0,0,0
9.29993,0,0,0
9.30093,0,0,0
9.30193,0,0,0
9.30293,0,0,0
9.30393,0,0,0
9.30493,0,0,0
9.30593,0,0,0
9.30693,0,0,0
9.30793,0,0,0
9.30893,0,0,0
9.30993,0,0,0
9.31093,0,0,0
9.31193,0,0,0
9.31293,0,0,0
9.31393,0,0,0
9.31493,0,0,0
9.31593,0,0,0
9.31693,0,0,0
9.31793,0,0,0
9.31893,0,0,0
9.31993,0,0,0
9.32093,0,0,0
9.32193,0,0,0
9.32293,0,0,0
9.32393,0,0,0
9.32493,0,0,0
9.32593,0,0,0
9.32693,0,0,0
9.32793,0,0,0
9.32893,0,0,0
9.32993,0,0,0
9.33093,0,0,0
9.33193,0,0,0
9.33293,0,0,0
9.33393,0,0,0
9.33493,0,0,0
9.33593,0,0,0
9.33693,0,0,0
9.33793,0,0,0
9.33893,0,0,0
9.33993,0,0,0
9.34093,0,0,0
9.34193,0,0,0
9.34293,0,0,0
9.34393,0,0,0
9.34493,0,0,0
9.34593,0,0,0
9.34693,0,0,0
9.34793,0,0,0
9.34893,0,0,0
9.34993,0,0,0
9.35094,0,0,0
9.35194,0,0,0
9.35294,0,0,0
9.35394,0,0,0
9.35494,0,0,0
9.35594,0,0,0
9.35694,0,0,0
9.35794,0,0,0
9.35894,0,0,0
9.35994,0,0,0
9.36094,0,0,0
9.36194,0,0,0
9.36294,0,0,0
9.36394,0,0,0
9.36494,0,0,0
9.36594,0,0,0
9.36694,0,0,0
9.36794,0,0,0
9.36894,0,0,0
9.36994,0,0,0
9.37094,0,0,0
9.37194,0,0,0
9.37294,0,0,0
9.37394,0,0,0
9.37494,0,0,0
9.37594,0,0,0
9.37694,0,0,0
9.37794,0,0,0
9.37894,0,0,0
9.37994,0,0,0
9.38094,0,0,0
9.38194,0,0,0
9.38294,0,0,0
9.38394,0,0,0
9.38494,0,0,0
9.38594,0,0,0
9.38694,0,0,0
9.38794,0,0,0
9.38894,0,0,0
9.38994,0,0,0
9.39094,0,0,0
9.39194,0,0,0
9.39294,0,0,0
9.39394,0,0,0
9.39494,0,0,0
9.39594,0,0,0
9.39694,0,0,0
9.39794,0,0,0
9.39894,0,0,0
9.39994,0,0,0
9.40094,0,0,0
9.40194,0,0,0
9.40294,0,0,0
9.40394,0,0,0
9.40494,0,0,0
9.40594,0,0,0
9.40694,0,0,0
9.40794,0,0,0
9.40894,0,0,0
9.40994,0,0,0
9.41094,0,0,0
9.41194,0,0,0
9.41294,0,0,0
9.41394,0,0,0
9.41494,0,0,0
9.41594,0,0,0
9.41694,0,0,0
9.41794,0,0,0
9.41894,0,0,0
9.41994,0,0,0
9.42094,0,0,0
9.42194,0,0,0
9.42294,0,0,0
9.42394,0,0,0
9.42494,0,0,0
9.42594,0,0,0
9.42694,0,0,0
9.42794,0,0,0
9.42894,0,0,0
9.42994,0,0,0
9.43094,0,0,0
9.43194,0,0,0
9.43294,0,0,0
9.43394,0,0,0
9.43494,0,0,0
9.43594,0,0,0
9.43694,0,0,0
9.43794,0,0,0
9.43894,0,0,0
9.43994,0,0,0
9.44094,0,0,0
9.44194,0,0,0
9.44294,0,0,0
9.44394,0,0,0
9.44494,0,0,0
9.44594,0,0,0
9.44694,0,0,0
9.44794,0,0,0
9.44894,0,0,0
9.44994,0,0,0
9.45095,0,0,0
9.45195,0,0,0
9.45295,0,0,0
9.45395,0,0,0
9.45495,0,0,0
9.45595,0,0,0
9.45695,0,0,0
9.45795,0,0,0
9.45895,0,0,0
9.45995,0,0,0
9.46095,0,0,0
9.46195,0,0,0
9.46295,0,0,0
9.46395,0,0,0
9.46495,0,0,0
9.46595,0,0,0
9.46695,0,0,0
9.46795,0,0,0
9.46895,0,0,0
9.46995,0,0,0
9.47095,0,0,0
9.47195,0,0,0
9.47295,0,0,0
9.47395,0,0,0
9.47495,0,0,0
9.47595,0,0,0
9.47695,0,0,0
9.47795,0,0,0
9.47895,0,0,0
9.47995,0,0,0
9.48095,0,0,0
9.48195,0,0,0
9.48295,0,0,0
9.48395,0,0,0
9.48495,0,0,0
9.48595,0,0,0
9.48695,0,0,0
9.48795,0,0,0
9.48895,0,0,0
9.48995,0,0,0
9.49095,0,0,0
9.49195,0,0,0
9.49295,0,0,0
9.49395,0,0,0
9.49495,0,0,0
9.49595,0,0,0
9.49695,0,0,0
9.49795,0,0,0
9.49895,0,0,0
9.49995,0,0,0
9.50095,0,0,0
9.50195,0,0,0
9.50295,0,0,0
9.50395,0,0,0
9.50495,0,0,0
9.50595,0,0,0
9.50695,0,0,0
9.50795,0,0,0
9.50895,0,0,0
9.50995,0,0,0
9.51095,0,0,0
9.51195,0,0,0
9.51295,0,0,0
9.51395,0,0,0
9.51495,0,0,0
9.51595,0,0,0
9.51695,0,0,0
9.51795,0,0,0
9.51895,0,0,0
9.51995,0,0,0
9.52095,0,0,0
9.52195,0,0,0
9.52295,0,0,0
9.52395,0,0,0
9.52495,0,0,0
9.52595,0,0,0
9.52695,0,0,0
9.52795,0,0,0
9.52895,0,0,0
9.52995,0,0,0
9.53095,0,0,0
9.53195,0,0,0
9.53295,0,0,0
9.53395,0,0,0
9.53495,0,0,0
9.53595,0,0,0
9.53695,0,0,0
9.53795,0,0,0
9.53895,0,0,0
9.53995,0,0,0
9.54095,0,0,0
9.54195,0,0,0
9.54295,0,0,0
9.54395,0,0,0
9.54495,0,0,0
9.54595,0,0,0
9.54695,0,0,0
9.54795,0,0,0
9.54895,0,0,0
9.54995,0,0,0
9.55096,0,0,0
9.55196,0,0,0
9.55296,0,0,0
9.55396,0,0,0
9.55496,0,0,0
9.55596,0,0,0
9.55696,0,0,0
9.55796,0,0,0
9.55896,0,0,0
9.55996,0,0,0
9.56096,0,0,0
9.56196,0,0,0
9.56296,0,0,0
9.56396,0,0,0
9.56496,0,0,0
9.56596,0,0,0
9.56696,0,0,0
9.56796,0,0,0
9.56896,0,0,0
9.56996,0,0,0
9.57096,0,0,0
9.57196,0,0,0
9.57296,0,0,0
9.57396,0,0,0
9.57496,0,0,0
9.57596,0,0,0
9.57696,0,0,0
9.57796,0,0,0
9.57896,0,0,0
9.57996,0,0,0
9.58096,0,0,0
9.58196,0,0,0
9.58296,0,0,0
9.58396,0,0,0
9.58496,0,0,0
9.58596,0,0,0
9.58696,0,0,0
9.58796,0,0,0
9.58896,0,0,0
9.58996,0,0,0
9.59096,0,0,0
9.59196,0,0,0
9.59296,0,0,0
9.59396,0,0,0
9.59496,0,0,0
9.59596,0,0,0
9.59696,0,0,0
9.59796,0,0,0
9.59896,0,0,0
9.59996,0,0,0
9.60096,0,0,0
9.60196,0,0,0
9.60296,0,0,0
9.60396,0,0,0
9.60496,0,0,0
9.60596,0,0,0
9.60696,0,0,0
9.60796,0,0,0
9.60896,0,0,0
9.60996,0,0,0
9.61096,0,0,0
9.61196,0,0,0
9.61296,0,0,0
9.61396,0,0,0
9.61496,0,0,0
9.61596,0,0,0
9.61696,0,0,0
9.61796,0,0,0
9.61896,0,0,0
9.61996,0,0,0
9.62096,0,0,0
9.62196,0,0,0
9.62296,0,0,0
9.62396,0,0,0
9.62496,0,0,0
9.62596,0,0,0
9.62696,0,0,0
9.62796,0,0,0
9.62896,0,0,0
9.62996,0,0,0
9.63096,0,0,0
9.63196,0,0,0
9.63296,0,0,0
9.63396,0,0,0
9.63496,0,0,0
9.63596,0,0,0
9.63696,0,0,0
9.63796,0,0,0
9.63896,0,0,0
9.63996,0,0,0
9.64096,0,0,0
9.64196,0,0,0
9.64296,0,0,0
9.64396,0,0,0
9.64496,0,0,0
9.64596,0,0,0
9.64696,0,0,0
9.64796,0,0,0
9.64896,0,0,0
9.64996,0,0,0
9.65097,0,0,0
9.65197,0,0,0
9.65297,0,0,0
9.65397,0,0,0
9.65497,0,0,0
9.65597,0,0,0
9.65697,0,0,0
9.65797,0,0,0
9.65897,0,0,0
9.65997,0,0,0
9.66097,0,0,0
9.66197,0,0,0
9.66297,0,0,0
9.66397,0,0,0
9.66497,0,0,0
9.66597,0,0,0
9.66697,0,0,0
9.66797,0,0,0
9.66897,0,0,0
9.66997,0,0,0
9.67097,0,0,0
9.67197,0,0,0
9.67297,0,0,0
9.67397,0,0,0
9.67497,0,0,0
9.67597,0,0,0
9.67697,0,0,0
9.67797,0,0,0
9.67897,0,0,0
9.67997,0,0,0
9.68097,0,0,0
9.68197,0,0,0
9.68297,0,0,0
9.68397,0,0,0
9.68497,0,0,0
9.68597,0,0,0
9.68697,0,0,0
9.68797,0,0,0
9.68897,0,0,0
9.68997,0,0,0
9.69097,0,0,0
9.69197,0,0,0
9.69297,0,0,0
9.69397,0,0,0
9.69497,0,0,0
9.69597,0,0,0
9.69697,0,0,0
9.69797,0,0,0
9.69897,0,0,0
9.69997,0,0,0
9.70097,0,0,0
9.70197,0,0,0
9.70297,0,0,0
9.70397,0,0,0
9.70497,0,0,0
9.70597,0,0,0
9.70697,0,0,0
9.70797,0,0,0
9.70897,0,0,0
9.70997,0,0,0
9.71097,0,0,0
9.71197,0,0,0
9.71297,0,0,0
9.71397,0,0,0
9.71497,0,0,0
9.71597,0,0,0
9.71697,0,0,0
9.71797,0,0,0
9.71897,0,0,0
9.71997,0,0,0
9.72097,0,0,0
9.72197,0,0,0
9.72297,0,0,0
9.72397,0,0,0
9.72497,0,0,0
9.72597,0,0,0
9.72697,0,0,0
9.72797,0,0,0
9.72897,0,0,0
9.72997,0,0,0
9.73097,0,0,0
9.73197,0,0,0
9.73297,0,0,0
9.73397,0,0,0
9.73497,0,0,0
9.73597,0,0,0
9.73697,0,0,0
9.73797,0,0,0
9.73897,0,0,0
9.73997,0,0,0
9.74097,0,0,0
9.74197,0,0,0
9.74297,0,0,0
9.74397,0,0,0
9.74497,0,0,0
9.74597,0,0,0
9.74697,0,0,0
9.74797,0,0,0
9.74897,0,0,0
9.74997,0,0,0
9.75098,0,0,0
9.75198,0,0,0
9.75298,0,0,0
9.75398,0,0,0
9.75498,0,0,0
9.75598,0,0,0
9.75698,0,0,0
9.75798,0,0,0
9.75898,0,0,0
9.75998,0,0,0
9.76098,0,0,0
9.76198,0,0,0
9.76298,0,0,0
9.76398,0,0,0
9.76498,0,0,0
9.76598,0,0,0
9.76698,0,0,0
9.76798,0,0,0
9.76898,0,0,0
9.76998,0,0,0
9.77098,0,0,0
9.77198,0,0,0
9.77298,0,0,0
9.77398,0,0,0
9.77498,0,0,0
9.77598,0,0,0
9.77698,0,0,0
9.77798,0,0,0
9.77898,0,0,0
9.77998,0,0,0
9.78098,0,0,0
9.78198,0,0,0
9.78298,0,0,0
9.78398,0,0,0
9.78498,0,0,0
9.78598,0,0,0
9.78698,0,0,0
9.78798,0,0,0
9.78898,0,0,0
9.78998,0,0,0
9.79098,0,0,0
9.79198,0,0,0
9.79298,0,0,0
9.79398,0,0,0
9.79498,0,0,0
9.79598,0,0,0
9.79698,0,0,0
9.79798,0,0,0
9.79898,0,0,0
9.79998,0,0,0
9.80098,0,0,0
9.80198,0,0,0
9.80298,0,0,0
9.80398,0,0,0
9.80498,0,0,0
9.80598,0,0,0
9.80698,0,0,0
9.80798,0,0,0
9.80898,0,0,0
9.80998,0,0,0
9.81098,0,0,0
9.81198,0,0,0
9.81298,0,0,0
9.81398,0,0,0
9.81498,0,0,0
9.81598,0,0,0
9.81698,0,0,0
9.81798,0,0,0
9.81898,0,0,0
9.81998,0,0,0
9.82098,0,0,0
9.82198,0,0,0
9.82298,0,0,0
9.82398,0,0,0
9.82498,0,0,0
9.82598,0,0,0
9.82698,0,0,0
9.82798,0,0,0
9.82898,0,0,0
9.82998,0,0,0
9.83098,0,0,0
9.83198,0,0,0
9.83298,0,0,0
9.83398,0,0,0
9.83498,0,0,0
9.83598,0,0,0
9.83698,0,0,0
9.83798,0,0,0
9.83898,0,0,0
9.83998,0,0,0
9.84098,0,0,0
9.84198,0,0,0
9.84298,0,0,0
9.84398,0,0,0
9.84498,0,0,0
9.84598,0,0,0
9.84698,0,0,0
9.84798,0,0,0
9.84898,0,0,0
9.84998,0,0,0
9.85099,0,0,0
9.85199,0,0,0
9.85299,0,0,0
9.85399,0,0,0
9.85499,0,0,0
9.85599,0,0,0
9.85699,0,0,0
9.85799,0,0,0
9.85899,0,0,0
9.85999,0,0,0
9.86099,0,0,0
9.86199,0,0,0
9.86299,0,0,0
9.86399,0,0,0
9.86499,0,0,0
9.86599,0,0,0
9.86699,0,0,0
9.86799,0,0,0
9.86899,0,0,0
9.86999,0,0,0
9.87099,0,0,0
9.87199,0,0,0
9.87299,0,0,0
9.87399,0,0,0
9.87499,0,0,0
9.87599,0,0,0
9.87699,0,0,0
9.87799,0,0,0
9.87899,0,0,0
9.87999,0,0,0
9.88099,0,0,0
9.88199,0,0,0
9.88299,0,0,0
9.88399,0,0,0
9.88499,0,0,0
9.88599,0,0,0
9.88699,0,0,0
9.88799,0,0,0
9.88899,0,0,0
9.88999,0,0,0
9.89099,0,0,0
9.89199,0,0,0
9.89299,0,0,0
9.89399,0,0,0
9.89499,0,0,0
9.89599,0,0,0
9.89699,0,0,0
9.89799,0,0,0
9.89899,0,0,0
9.89999,0,0,0
9.90099,0,0,0
9.90199,0,0,0
9.90299,0,0,0
9.90399,0,0,0
9.90499,0,0,0
9.90599,0,0,0
9.90699,0,0,0
9.90799,0,0,0
9.90899,0,0,0
9.90999,0,0,0
9.91099,0,0,0
9.91199,0,0,0
9.91299,0,0,0
9.91399,0,0,0
9.91499,0,0,0
9.91599,0,0,0
9.91699,0,0,0
9.91799,0,0,0
9.91899,0,0,0
9.91999,0,0,0
9.92099,0,0,0
9.92199,0,0,0
9.92299,0,0,0
9.92399,0,0,0
9.92499,0,0,0
9.92599,0,0,0
9.92699,0,0,0
9.92799,0,0,0
9.92899,0,0,0
9.92999,0,0,0
9.93099,0,0,0
9.93199,0,0,0
9.93299,0,0,0
9.93399,0,0,0
9.93499,0,0,0
9.93599,0,0,0
9.93699,0,0,0
9.93799,0,0,0
9.93899,0,0,0
9.93999,0,0,0
9.94099,0,0,0
9.94199,0,0,0
9.94299,0,0,0
9.94399,0,0,0
9.94499,0,0,0
9.94599,0,0,0
9.94699,0,0,0
9.94799,0,0,0
9.94899,0,0,0
9.94999,0,0,0
9.951,0,0,0
9.952,0,0,0
9.953,0,0,0
9.954,0,0,0
9.955,0,0,0
9.956,0,0,0
9.957,0,0,0
9.958,0,0,0
9.959,0,0,0
9.96,0,0,0
9.961,0,0,0
9.962,0,0,0
9.963,0,0,0
9.964,0,0,0
9.965,0,0,0
9.966,0,0,0
9.967,0,0,0
9.968,0,0,0
9.969,0,0,0
9.97,0,0,0
9.971,0,0,0
9.972,0,0,0
9.973,0,0,0
9.974,0,0,0
9.975,0,0,0
9.976,0,0,0
9.977,0,0,0
9.978,0,0,0
9.979,0,0,0
9.98,0,0,0
9.981,0,0,0
9.982,0,0,0
9.983,0,0,0
9.984,0,0,0
9.985,0,0,0
9.986,0,0,0
9.987,0,0,0
9.988,0,0,0
9.989,0,0,0
9.99,0,0,0
9.991,0,0,0
9.992,0,0,0
9.993,0,0,0
9.994,0,0,0
9.995,0,0,0
9.996,0,0,0
9.997,0,0,0
9.998,0,0,0
9.999,0,0,0
10,0,0,0
